;Unnamed: 0;year;countryName;regionName;NUTRITION_ANAEMIA_CHILDREN_PRE;CM_03;CHILDMORT5TO14;CM_01;CM_02;MDG_0000000001;MDG_0000000020;MDG_0000000007;WHS4_544;WHS4_100;WSH_SANITATION_BASIC;WHOSIS_000003;WHOSIS_000014;WHS8_110;WSH_WATER_BASIC;TB_e_inc_num;WHOSIS_000016;HEMOGLOBINLEVEL_CHILDREN_MEAN;HEMOGLOBINLEVEL_PREGNANT_MEAN;NCD_HYP_PREVALENCE_C;NCD_HYP_PREVALENCE_A;NUTRITION_ANAEMIA_NONPREGNANT__x;NCD_HYP_CONTROL_C;NCD_HYP_TREATMENT_A;NUTRITION_ANAEMIA_REPRODUCTIVE_x;NUTRITION_ANAEMIA_PREGNANT_NUM;NUTRITION_ANAEMIA_CHILDREN_NUM;CM_04;CHILDMORT10TO19;NCD_HYP_DIAGNOSIS_C;CHILDMORT_DEATHS_10TO14;HEMOGLOBINLEVEL_REPRODUCTIVEAG;CHILDMORT_MORTALITY_10TO14;NUTRITION_ANAEMIA_PREGNANT_PRE;HEMOGLOBINLEVEL_NONPREGNANT_ME;NUTRITION_ANAEMIA_NONPREGNANT__y;NCD_HYP_DIAGNOSIS_A;NCD_HYP_CONTROL_A;NUTRITION_ANAEMIA_REPRODUCTIVE_y;NCD_HYP_TREATMENT_C;POP;percent
620;620;2004;Sao Tome and Principe;Africa;198.7;124.0;36.94657;732.0;518.0;126.59022000000002;138.0;181.85799;99.0;96.0;73.42654999999999;19.90484;14.64073;91.0;210.44526;220.0;20.68878;103.0;107.0;129.39999999999998;138.4;196.863;11.2;48.7;204.921;6.239;52.554;58.0;73.67279;88.3;44.0;118.0;5.43656;163.60000000000002;119.0;196.863;91.3;11.0;204.921;46.49999999999999;157697.0;0.1260011287469007
621;621;2001;Sao Tome and Principe;Africa;208.2;128.0;46.38547;868.0;592.0;153.98182;117.0;230.29054;90.0;92.0;63.356080000000006;21.81638;15.42466;75.0;205.13335;170.0;26.94892;101.0;107.0;126.3;135.6;200.30400000000003;9.4;42.9;207.407;6.0120000000000005;49.737;74.0;82.05431000000002;84.0;52.0;117.0;6.51608;165.20000000000002;118.0;200.30400000000003;86.8;9.1;207.407;41.1;146258.0;0.14235118762734345
622;622;2002;Sao Tome and Principe;Africa;205.2;127.0;43.13839;824.0;568.0;144.51924;112.0;213.59325;92.0;92.0;66.70608;21.26572;15.18217;85.0;206.92579;170.0;24.76906;102.0;107.0;127.3;136.4;199.116;10.0;44.6;206.666;6.09;50.629;68.0;79.13881;85.2;48.0;117.0;6.15318;164.7;118.0;199.116;88.0;9.7;206.666;42.8;149841.0;0.13694516187158387
623;623;2003;Sao Tome and Principe;Africa;201.9;126.0;39.99075;778.0;542.0;135.42196;125.0;197.46433;94.0;94.0;70.06469;20.60186;14.90255;87.0;208.69798;190.0;22.68197;102.0;107.0;128.5;137.4;198.229;10.6;46.7;205.836;6.176;51.59;62.0;76.37056;86.60000000000001;46.0;117.0;5.79224;164.10000000000002;118.0;198.229;89.5;10.3;205.836;44.7;153762.0;0.13130682483318376
639;639;2000;Sao Tome and Principe;Africa;211.5;127.0;49.59854;908.0;612.0;163.36153000000002;119.0;246.93763;87.0;82.0;60.04103;22.19702;15.58504;69.0;203.34586;170.0;29.1308;101.0;107.0;125.4;134.6;201.07700000000003;8.9;41.2;208.219;5.922;48.834;80.0;85.12149;82.9;54.0;117.0;6.86633;165.60000000000002;118.0;201.07700000000003;85.69999999999999;8.6;208.219;39.5;143714.0;0.14716729059103498
2101;2101;2001;San Marino;Europe;36.0;1.0;3.8029;4.0;4.0;13.73951;0.0;15.46349;95.0;97.0;100.0;2.57634;2.84297;97.0;100.0;0.0;1.78194;122.0;120.0;;;35.059;;;35.726;0.087;0.4459999999999999;0.0;15.51758;;0.0;132.0;0.67998;49.8;132.0;35.059;;;35.726;;27335.0;0.1316992866288641
2102;2102;2002;San Marino;Europe;35.400000000000006;1.0;3.56577;4.0;2.0;12.72601;4.1;14.31821;95.0;96.0;100.0;2.36483;2.70932;96.0;100.0;1.0;1.66477;122.0;120.0;;;34.947;;;35.214000000000006;0.087;0.424;0.0;14.69919;;0.0;132.0;0.63891;49.2;132.0;34.947;;;35.214000000000006;;27969.0;0.12656870106188997
2103;2103;2003;San Marino;Europe;35.099999999999994;1.0;3.35201;2.0;2.0;11.81905;4.0;13.303639999999998;94.0;96.0;100.0;2.17228;2.58869;94.0;100.0;1.0;1.55867;122.0;120.0;;;34.535;;;35.01200000000001;0.087;0.4499999999999999;0.0;13.96081;;0.0;132.0;0.60231;48.900000000000006;132.0;34.535;;;35.01200000000001;;28601.0;0.12272298171392607
2119;2119;2000;San Marino;Europe;36.900000000000006;1.0;4.06697;4.0;4.0;14.91046;4.3;16.77804;96.0;98.0;100.0;2.81559;2.99317;99.0;100.0;1.0;1.91324;122.0;120.0;;;35.551;;;35.938;0.087;0.47;0.0;16.42137;;0.0;131.0;0.72453;50.39999999999999;132.0;35.551;;;35.938;;26823.0;0.137568504641539
2628;2628;2009;Dominica;Americas;83.69999999999999;18.0;9.8391;48.0;40.0;60.75451;6.5;70.22629;99.0;99.0;75.3437;18.60621;12.93393;99.0;94.93166;4.0;4.62107;117.0;118.0;147.5;143.0;73.08099999999999;38.6;124.8;73.803;0.422;3.872;4.0;24.74783;159.60000000000002;4.0;129.0;1.74775;75.6;129.0;73.08099999999999;158.2;38.5;73.803;126.0;68787.0;0.12167996859871776
2629;2629;2010;Dominica;Americas;84.6;19.0;9.83806;48.0;42.0;63.96916;13.0;73.65722;99.0;98.0;76.59938;19.56536;13.25789;99.0;95.05391;9.0;4.63988;117.0;118.0;148.9;143.6;72.282;40.5;127.2;73.20100000000001;0.408;3.84;4.0;24.4548;162.2;4.0;129.0;1.74026;74.69999999999999;130.0;72.282;160.4;40.4;73.20100000000001;129.0;68755.0;0.12304559668387753
2630;2630;2011;Dominica;Americas;84.8;19.0;9.85231;50.0;42.0;67.45854;3.2;77.38053;98.0;98.0;77.85506;20.58678;13.4538;99.0;95.17616;2.0;4.66965;117.0;119.0;149.7;143.8;71.461;42.50000000000001;129.3;72.156;0.405;3.871;4.0;24.19513;164.5;4.0;129.0;1.73201;73.5;130.0;71.461;162.3;42.1;72.156;131.4;68742.0;0.12335980914142736
2631;2631;2012;Dominica;Americas;85.19999999999999;20.0;9.86614;52.0;44.0;71.18639;11.0;81.35755;97.0;97.0;79.11074;21.6411;13.69163;99.0;95.29841;8.0;4.69553;117.0;119.0;149.89999999999998;144.0;71.021;44.3;131.0;71.72500000000001;0.394;3.842000000000001;4.0;23.9529;166.70000000000002;4.0;129.0;1.7254;72.60000000000001;130.0;71.021;164.0;43.9;71.72500000000001;133.6;68888.0;0.12367901521309951
2632;2632;2013;Dominica;Americas;85.5;21.0;9.89743;52.0;46.0;74.98812000000001;4.9;85.43184;96.0;96.0;80.36642;22.71163;13.92723;93.0;95.42066;3.0;4.733639999999999;117.0;119.0;149.9;143.9;70.568;45.900000000000006;132.5;71.16099999999999;0.393;3.776;4.0;23.6365;168.60000000000002;4.0;129.0;1.72007;71.5;130.0;70.568;165.6;45.5;71.16099999999999;135.3;68819.0;0.12423894564001221
2633;2633;2014;Dominica;Americas;86.2;21.0;9.9107;54.0;48.0;78.84009;1.6;89.54934;97.0;97.0;80.36642;23.74275;14.16164;94.0;95.42066;1.0;4.76807;117.0;119.0;149.6;143.7;70.542;47.4;133.5;71.246;0.394;3.731;4.0;23.284650000000003;170.2;4.0;129.0;1.712;70.80000000000001;130.0;70.542;167.2;46.7;71.246;136.7;69371.0;0.1242594167591645
2634;2634;2015;Dominica;Americas;86.69999999999999;23.0;9.89605;58.0;50.0;82.64641;11.0;93.57148;98.0;98.0;80.36642;24.73878;14.4095;96.0;95.42066;8.0;4.78146;117.0;119.0;149.4;143.7;70.52799999999999;48.7;134.4;71.23400000000001;0.405;3.724;4.0;22.87594;171.7;4.0;129.0;1.70281;70.4;130.0;70.52799999999999;168.5;47.900000000000006;71.23400000000001;137.8;70007.0;0.12384475838130471
2635;2635;2016;Dominica;Americas;87.3;24.0;9.83692;60.0;54.0;86.19423;8.1;97.31981;99.0;99.0;80.36642;25.6836;14.66933;96.0;95.42066;6.0;4.76187;117.0;119.0;149.1;143.4;70.81499999999998;50.0;135.10000000000002;71.52199999999999;0.407;3.75;4.0;22.42375;173.0;4.0;129.0;1.6857;70.19999999999999;130.0;70.81499999999998;169.8;49.1;71.52199999999999;138.5;70075.0;0.12458080627898678
2636;2636;2017;Dominica;Americas;87.7;24.0;9.72502;62.0;54.0;89.35161;1.6;100.67865;91.0;91.0;80.36642;26.54243;14.89895;77.0;95.42066;1.0;4.70829;117.0;119.0;148.9;143.3;70.994;51.0;135.60000000000002;71.71300000000001;0.408;3.84;4.0;21.94976;174.0;4.0;129.0;1.66403;69.7;130.0;70.994;170.79999999999998;50.2;71.71300000000001;139.0;70403.0;0.12456855531724502
2637;2637;2018;Dominica;Americas;88.5;25.0;9.56915;64.0;56.0;91.97681;6.4;103.39904;94.0;94.0;;27.23324;15.07652;84.0;;5.0;4.63127;117.0;119.0;148.5;143.1;71.878;52.4;135.9;72.699;0.421;3.992;2.0;21.4837;175.2;4.0;129.0;1.63646;69.89999999999999;130.0;71.878;171.6;51.3;72.699;139.5;70823.0;0.12495940584273471
2638;2638;2019;Dominica;Americas;89.4;26.0;9.41364;66.0;58.0;93.86412;16.0;105.39872;99.0;99.0;;27.73026;15.2237;92.0;;11.0;4.55257;117.0;119.0;148.3;143.1;72.996;53.8;136.3;73.83800000000001;0.422;4.167;2.0;20.900230000000004;176.1;4.0;129.0;1.60752;70.19999999999999;129.0;72.996;172.5;52.7;73.83800000000001;140.0;71428.0;0.1251610012880103
2920;2920;2004;Saint Kitts and Nevis;Americas;73.19999999999999;11.0;10.39158;30.0;26.0;49.53084;4.9;59.28395;96.0;96.0;89.06709;13.88;10.0346;98.0;98.49973;2.0;4.83164;118.0;121.0;119.4;128.89999999999998;63.676;39.7;121.1;64.273;0.298;2.794;2.0;45.99765;150.6;4.0;130.0;1.85968;64.0;131.0;63.676;156.4;40.8;64.273;114.7;46580.0;0.15714899098325458
2921;2921;2001;Saint Kitts and Nevis;Americas;75.0;13.0;11.40837;38.0;30.0;56.78056;5.0;67.99658;99.0;99.0;87.10492;15.99163;10.91277;90.0;98.46235;2.0;5.39025;118.0;120.0;117.4;125.7;66.68799999999999;32.8;110.1;66.992;0.304;3.061;4.0;46.32898;145.1;4.0;130.0;2.01516;65.9;130.0;66.68799999999999;149.4;33.3;66.992;106.2;45986.0;0.16309311529595963
2922;2922;2002;Saint Kitts and Nevis;Americas;74.0;12.0;11.037870000000002;34.0;28.0;54.10694;7.5;64.77145999999999;97.0;97.0;87.75898;15.27893;10.60698;99.0;98.47481;3.0;5.18957;118.0;121.0;117.9;126.9;65.36500000000001;34.800000000000004;113.7;65.97699999999999;0.302;2.942;2.0;46.11195;146.8;4.0;130.0;1.95883;65.10000000000001;130.0;65.36500000000001;151.7;35.6;65.97699999999999;108.8;46264.0;0.1599515822237593
2923;2923;2003;Saint Kitts and Nevis;Americas;73.5;11.0;10.69361;32.0;26.0;51.64544;2.5;61.81969;99.0;99.0;88.41303;14.557;10.3223;98.0;98.48727;1.0;4.99971;118.0;121.0;118.6;127.8;64.144;37.2;117.5;64.753;0.299;2.8629999999999995;2.0;45.991020000000006;148.5;4.0;130.0;1.90623;64.5;131.0;64.144;154.0;38.1;64.753;111.7;46431.0;0.15829941203075532
2924;2924;2005;Saint Kitts and Nevis;Americas;72.9;10.0;10.13815;30.0;24.0;47.76918;0.0;57.15075;99.0;99.0;89.72114;13.2866;9.76451;99.0;98.51219;0.0;4.689500000000001;118.0;121.0;120.3;130.0;62.817;42.2;124.7;63.303;0.296;2.732;2.0;46.24403;152.6;4.0;130.0;1.82088;63.2;131.0;62.817;158.9;43.5;63.303;117.8;46725.0;0.15601926163723917
2925;2925;2006;Saint Kitts and Nevis;Americas;72.6;10.0;9.93615;28.0;24.0;46.39396;2.5;55.501810000000006;99.0;99.0;90.3752;12.79215;9.53716;99.0;98.52464;1.0;4.57528;118.0;121.0;121.7;131.0;61.891;44.7;128.0;62.576;0.295;2.638;2.0;46.60942;155.0;2.0;130.0;1.79062;62.5;131.0;61.891;161.2;46.1;62.576;121.1;46874.0;0.15488330417715576
2926;2926;2007;Saint Kitts and Nevis;Americas;72.0;9.0;9.78803;28.0;22.0;45.35553;9.8;54.23725;99.0;99.0;91.02926;12.39273;9.33844;99.0;98.5371;5.0;4.493510000000001;118.0;121.0;123.1;132.0;60.871;47.2;131.1;61.354000000000006;0.273;2.578;2.0;47.13274;157.5;2.0;131.0;1.76652;61.5;131.0;60.871;163.5;48.5;61.354000000000006;124.3;47015.0;0.15314261405934276
2927;2927;2008;Saint Kitts and Nevis;Americas;71.6;9.0;9.67915;26.0;22.0;44.61205;12.0;53.37525;98.0;99.0;91.68331;12.1028;9.19288;99.0;98.54956;6.0;4.43704;118.0;121.0;124.5;132.8;59.64000000000001;49.5;133.8;60.132000000000005;0.272;2.551;2.0;47.87867;159.9;2.0;131.0;1.74981;60.5;131.0;59.64000000000001;165.7;50.9;60.132000000000005;127.3;47156.0;0.1518364577148189
2928;2928;2009;Saint Kitts and Nevis;Americas;71.10000000000001;9.0;9.60524;26.0;22.0;44.135850000000005;9.7;52.78085;95.0;98.0;92.33737;11.88562;9.05131;99.0;98.56202;5.0;4.40038;118.0;121.0;125.7;133.6;58.52900000000001;51.7;136.5;59.09;0.26;2.536;2.0;48.586490000000005;162.39999999999998;2.0;131.0;1.73817;59.6;131.0;58.52900000000001;167.8;53.3;59.09;130.2;47286.0;0.15036162923486868
2929;2929;2010;Saint Kitts and Nevis;Americas;70.5;8.0;9.56017;26.0;20.0;43.83506;4.9;52.39564;91.0;96.0;92.99143;11.73773;8.94893;99.0;98.57448;2.0;4.37945;118.0;121.0;126.7;134.10000000000002;57.53499999999999;53.7;138.8;58.084;0.259;2.518;2.0;49.28347000000001;164.6;2.0;131.0;1.72964;58.9;131.0;57.53499999999999;169.8;55.3;58.084;132.6;47403.0;0.14872476425542688
2930;2930;2011;Saint Kitts and Nevis;Americas;68.4;8.0;9.5311;24.0;20.0;43.69182;2.4;52.18645;99.0;98.0;93.64548;11.6661;8.87796;99.0;98.58694;1.0;4.36799;119.0;121.0;127.5;134.5;55.373;55.6;140.8;55.739;0.256;2.459;2.0;49.84594;166.60000000000002;2.0;131.0;1.72319;57.3;132.0;55.373;171.60000000000002;57.3;55.739;134.8;47581.0;0.14375486013324648
2931;2931;2012;Saint Kitts and Nevis;Americas;67.19999999999999;8.0;9.52046;24.0;20.0;43.57123;4.8;52.06286;98.0;98.0;94.29954;11.60891;8.82905;95.0;98.5994;2.0;4.36489;119.0;122.0;128.0;134.8;54.052;57.4;142.4;54.717000000000006;0.255;2.4160000000000004;2.0;50.09465;168.5;2.0;131.0;1.72005;56.3;132.0;54.052;173.4;59.1;54.717000000000006;136.6;47727.0;0.14080080457602615
2932;2932;2013;Saint Kitts and Nevis;Americas;65.4;8.0;9.49683;24.0;20.0;43.41313;0.0;51.84629;97.0;97.0;94.95359;11.57594;8.77255;99.0;98.61185;0.0;4.35216;119.0;122.0;128.5;134.8;52.17;58.9;143.8;52.813;0.243;2.341;2.0;50.11303;170.29999999999998;2.0;132.0;1.7168;55.2;132.0;52.17;174.89999999999998;60.6;52.813;138.3;47767.0;0.13691460631816946
2933;2933;2014;Saint Kitts and Nevis;Americas;63.900000000000006;8.0;9.45274;22.0;20.0;43.07232;17.0;51.442440000000005;96.0;98.0;94.95359;11.49873;8.69773;93.0;98.61185;8.0;4.32634;120.0;122.0;129.3;134.9;50.839;60.3;144.8;51.48;0.241;2.278;2.0;50.03494;172.1;2.0;132.0;1.70864;54.2;132.0;50.839;176.3;61.9;51.48;139.7;47789.0;0.1337127790914227
2934;2934;2015;Saint Kitts and Nevis;Americas;63.1;7.0;9.361;22.0;18.0;42.51018;4.8;50.75072;91.0;94.0;94.95359;11.3639;8.62207;95.0;98.61185;2.0;4.27381;120.0;122.0;130.1;134.9;50.546;61.6;145.5;51.086000000000006;0.24;2.246;2.0;49.63789;173.8;2.0;132.0;1.6939;54.0;132.0;50.546;177.5;63.00000000000001;51.086000000000006;141.0;47790.0;0.13203599079305295
2935;2935;2016;Saint Kitts and Nevis;Americas;62.0;7.0;9.23613;22.0;18.0;41.73332;0.0;49.75992;99.0;98.0;94.95359;11.16561;8.49188;98.0;98.61185;0.0;4.20197;120.0;122.0;131.0;135.0;50.221;62.7;146.0;50.759;0.238;2.193;2.0;48.92084;175.4;2.0;132.0;1.67476;53.5;132.0;50.221;178.6;63.9;50.759;142.3;47788.0;0.12973968360257804
2936;2936;2017;Saint Kitts and Nevis;Americas;61.1;7.0;9.0995;20.0;18.0;40.83343;2.4;48.65817;97.0;98.0;94.95359;10.91871;8.35991;93.0;98.61185;1.0;4.12374;120.0;122.0;132.2;135.1;50.233;63.6;146.3;50.66;0.237;2.157;2.0;47.97513;177.0;2.0;132.0;1.65282;53.3;132.0;50.233;179.5;64.9;50.66;143.3;47785.0;0.1278643925918175
2937;2937;2018;Saint Kitts and Nevis;Americas;61.2;7.0;8.9442;20.0;16.0;39.84569;0.0;47.45013;98.0;98.0;;10.6617;8.21988;96.0;;0.0;4.03916;120.0;122.0;133.5;135.2;51.296;64.89999999999999;146.5;51.813;0.237;2.131;2.0;47.01793;178.60000000000002;2.0;132.0;1.62842;54.0;132.0;51.296;180.4;65.7;51.813;144.3;47761.0;0.12813802056070853
2938;2938;2019;Saint Kitts and Nevis;Americas;61.2;6.0;8.77916;20.0;16.0;38.86376;4.8;46.22575;97.0;97.0;;10.37699;8.09066;97.0;;2.0;3.95294;120.0;122.0;134.7;135.3;52.321000000000005;66.3;146.8;52.858;0.236;2.104;2.0;45.9161;180.2;2.0;132.0;1.6034;54.5;132.0;52.321000000000005;181.1;66.8;52.858;145.5;47712.0;0.12826961770623743
2939;2939;2000;Saint Kitts and Nevis;Americas;76.5;14.0;11.78195;40.0;34.0;59.50816;0.0;71.28529;99.0;99.0;86.45086;16.63658;11.15121;99.0;98.44989;0.0;5.58968;118.0;120.0;117.3;124.8;68.49099999999999;30.7;106.7;69.129;0.318;3.225;4.0;46.43956;143.7;4.0;130.0;2.07199;67.19999999999999;130.0;68.49099999999999;147.2;31.2;69.129;103.5;45461.0;0.16827610479311939
3240;3240;2004;Kiribati;Western Pacific;156.4;72.0;34.347120000000004;346.0;264.0;147.40275;428.0;192.6922;61.0;62.0;110.33075;26.0087;16.91154;56.0;194.17563;410.0;20.41247;108.0;112.0;83.3;91.5;111.433;21.3;51.1;116.219;2.176;16.892;36.0;76.65778;86.8;22.0;125.0;4.69363;129.0;126.0;111.433;91.0;22.1;116.219;46.6;96224.0;0.1625374127036914
3241;3241;2001;Kiribati;Western Pacific;156.1;74.0;35.25116;360.0;272.0;151.33912;275.0;198.80386;88.0;85.0;102.81769;27.29384;17.44128;76.0;186.24234;250.0;21.00643;108.0;112.0;79.2;89.1;113.218;19.9;50.3;118.035;2.127;18.733;34.0;78.19786;82.19999999999999;22.0;125.0;4.80003;130.2;126.0;113.218;86.7;20.6;118.035;45.400000000000006;90531.0;0.17242712441042293
3242;3242;2002;Kiribati;Western Pacific;155.7;72.0;34.75936;352.0;266.0;149.1744;281.0;195.3972;96.0;77.0;105.32198;26.77533;17.26814;88.0;188.88642;260.0;20.68326;108.0;112.0;80.3;89.7;112.318;20.4;50.6;117.24;2.131;18.154;34.0;77.38233;83.7;22.0;125.0;4.74177;129.89999999999998;126.0;112.318;88.19999999999999;21.2;117.24;45.7;92400.0;0.1685064935064935
3243;3243;2003;Kiribati;Western Pacific;155.7;70.0;34.45416;344.0;262.0;147.81682999999998;400.0;193.38331;79.0;70.0;107.82641999999998;26.33333;17.07553;72.0;191.53095;380.0;20.48265;108.0;112.0;81.6;90.5;111.70999999999998;20.8;50.900000000000006;116.467;2.147;17.372;34.0;76.86097999999998;85.3;22.0;125.0;4.70471;129.4;126.0;111.70999999999998;89.69999999999999;21.6;116.467;46.2;94302.0;0.1651078450085894
3244;3244;2005;Kiribati;Western Pacific;157.20000000000002;73.0;34.4139;356.0;274.0;147.68531;450.0;193.1685;74.0;79.0;112.83471;25.83738;16.77192;85.0;196.82017;440.0;20.45593;108.0;113.0;85.2;92.9;111.576;21.5;51.4;116.483;2.207;17.006;36.0;76.74466;88.2;22.0;125.0;4.69902;128.7;126.0;111.576;92.3;22.4;116.483;46.900000000000006;98164.0;0.1601401735870584
3245;3245;2006;Kiribati;Western Pacific;158.10000000000002;75.0;34.58036;366.0;284.0;148.3918;501.0;194.30734;86.0;86.0;115.44942;25.68475;16.65899;61.0;199.60191;500.0;20.56424;108.0;113.0;87.19999999999999;94.7;112.365;21.8;51.5;117.216;2.251;16.468000000000004;36.0;77.00227;89.5;22.0;125.0;4.71984;128.8;126.0;112.365;93.6;22.7;117.216;47.1;100083.0;0.15796888582476548
3246;3246;2007;Kiribati;Western Pacific;159.0;78.0;34.751200000000004;382.0;296.0;149.16496;433.0;195.4401;93.0;94.0;118.14645;25.5999;16.55529;93.0;202.49515;440.0;20.67547;108.0;112.0;89.5;96.7;112.979;21.8;51.5;118.085;2.297;17.441;36.0;77.27374;90.6;24.0;125.0;4.74058;128.7;126.0;112.979;94.70000000000002;22.7;118.085;47.1;101998.0;0.1558854095178337
3247;3247;2008;Kiribati;Western Pacific;159.60000000000002;81.0;34.83372;396.0;308.0;149.51335;424.0;195.91834;74.0;82.0;119.7686;25.55236;16.48656;72.0;205.29999;440.0;20.72848;108.0;112.0;91.9;98.8;113.674;21.7;51.5;118.72699999999998;2.353;19.308;36.0;77.41304000000001;91.70000000000002;24.0;125.0;4.74616;128.8;126.0;113.674;95.7;22.7;118.72699999999998;47.1;103966.0;0.153511724987015
3248;3248;2009;Kiribati;Western Pacific;159.7;83.0;34.70941;408.0;316.0;148.96608;344.0;195.14314;84.0;86.0;121.34369;25.42129;16.42832;82.0;207.85959;360.0;20.64552;108.0;112.0;94.4;101.2;114.594;21.5;51.2;119.58400000000002;2.41;21.152;34.0;77.22647;92.7;24.0;125.0;4.72828;128.9;126.0;114.594;96.6;22.6;119.58400000000002;47.0;105996.0;0.150666062870297
3249;3249;2010;Kiribati;Western Pacific;159.4;84.0;34.42316;414.0;322.0;147.54619;347.0;193.01862;95.0;91.0;122.87156;25.20439;16.30407;89.0;210.02056;380.0;20.45635;108.0;112.0;97.1;103.7;115.384;21.3;51.0;120.54;2.456;22.263;34.0;76.78973;93.5;24.0;125.0;4.6862;128.9;126.0;115.384;97.4;22.3;120.54;46.7;107995.0;0.14759942589934721
3250;3250;2011;Kiribati;Western Pacific;158.70000000000002;86.0;33.89535;418.0;326.0;145.34978;409.0;189.68776;95.0;99.0;124.35188;25.04615;16.26357;90.0;212.16351;450.0;20.10931;108.0;112.0;99.6;106.2;116.298;20.9;50.6;121.288;2.5;23.803;32.0;75.96139;94.3;24.0;125.0;4.63055;129.0;126.0;116.298;98.0;21.9;121.288;46.4;109871.0;0.14444211848440447
3251;3251;2012;Kiribati;Western Pacific;157.79999999999998;85.0;33.35459;418.0;324.0;142.92486000000002;407.0;185.92029;92.0;94.0;125.78423;24.72552;16.15319;91.0;214.2882;450.0;19.75505;108.0;112.0;102.1;108.6;117.267;20.6;50.0;122.18800000000002;2.522;24.133;34.0;75.09848000000001;94.7;22.0;125.0;4.56776;129.0;126.0;117.267;98.6;21.6;122.18800000000002;46.0;111618.0;0.14137504703542436
3252;3252;2013;Kiribati;Western Pacific;156.89999999999998;83.0;32.72162;410.0;318.0;140.04658999999998;472.0;181.74895;91.0;95.0;127.16753;24.34864;15.97435;91.0;216.39313;530.0;19.3402;108.0;112.0;104.7;111.20000000000002;118.053;20.200000000000003;49.5;123.094;2.551;23.566;34.0;74.075;95.1;22.0;125.0;4.49691;128.79999999999998;126.0;118.053;98.9;21.2;123.094;45.5;113311.0;0.13846846290298379
3253;3253;2014;Kiribati;Western Pacific;155.7;82.0;32.00875;400.0;310.0;136.86235000000002;473.0;177.01927;79.0;75.0;128.50206;23.9566;15.69492;88.0;218.47901;540.0;18.87276;108.0;112.0;107.2;113.8;119.01;19.8;48.900000000000006;123.988;2.589;22.86;34.0;72.90656;95.4;20.0;125.0;4.41439;128.7;126.0;119.01;99.2;20.8;123.988;44.9;114985.0;0.13540896638692002
3254;3254;2015;Kiribati;Western Pacific;154.5;80.0;31.31454;390.0;302.0;133.69055;559.0;172.37581999999998;80.0;78.0;129.78727;23.50308;15.33817;84.0;220.54528;650.0;18.41722;108.0;112.0;109.7;116.3;119.7;19.5;48.1;124.691;2.591;22.482;34.0;71.75791;95.7;20.0;125.0;4.33275;128.3;126.0;119.7;99.5;20.5;124.691;44.2;116707.0;0.13238280480176853
3255;3255;2016;Kiribati;Western Pacific;152.7;79.0;30.65796;382.0;298.0;130.72091;575.0;167.88053;82.0;81.0;131.02053999999998;23.06923;15.13661;80.0;222.58709;680.0;17.98647;108.0;113.0;112.6;118.9;120.365;19.200000000000003;47.5;125.234;2.579;21.805;36.0;70.66482;96.2;20.0;125.0;4.24364;127.5;126.0;120.365;99.8;20.1;125.234;43.8;118513.0;0.1288466244209496
3256;3256;2017;Kiribati;Western Pacific;151.2;78.0;29.90281;372.0;292.0;127.50391;422.0;163.0904;90.0;90.0;132.20139999999998;22.63916;14.91873;81.0;224.60298;510.0;17.49287;109.0;113.0;115.5;121.4;120.957;18.9;46.9;125.613;2.566;21.645;36.0;69.40111999999999;96.5;20.0;125.0;4.16162;126.9;125.0;120.957;99.9;19.9;125.613;43.4;120362.0;0.12562104318638773
3257;3257;2018;Kiribati;Western Pacific;149.70000000000002;77.0;29.17874;364.0;286.0;124.07032;349.0;158.25051000000002;93.0;95.0;133.33037;22.16335;14.69816;84.0;226.59337;430.0;17.0212;109.0;113.0;118.5;124.0;121.26;18.8;46.3;125.91;2.55;21.872;36.0;68.19197;96.8;20.0;125.0;4.07028;125.9;125.0;121.26;100.1;19.8;125.91;43.0;122261.0;0.12244297036667459
3259;3259;2000;Kiribati;Western Pacific;156.70000000000002;76.0;35.9114;370.0;280.0;154.24182000000002;373.0;203.26345;90.0;90.0;100.18545;27.88753;17.67711;80.0;183.46225;330.0;21.44175;108.0;112.0;78.5;88.8;114.565;19.3;50.0;119.37;2.126;18.762;34.0;79.26955000000001;80.60000000000001;22.0;124.0;4.87566;130.8;125.0;114.565;85.2;20.1;119.37;45.1;88826.0;0.1764123117105352
3300;3300;2004;Marshall Islands;Western Pacific;126.0;36.0;23.74191;158.0;126.0;100.17829;268.0;124.16549;68.0;64.0;228.26079;18.67153;13.49081;70.0;266.86227;150.0;13.57875;112.0;113.0;72.0;85.7;99.157;39.1;96.7;103.684;1.436;10.452;14.0;58.49401999999999;113.0;10.0;125.0;3.40744;125.6;126.0;99.157;120.6;41.1;103.684;87.5;54435.0;0.23146872416643705
3301;3301;2001;Marshall Islands;Western Pacific;120.8;36.0;24.0599;160.0;130.0;101.63725;136.0;126.13418;56.0;48.0;227.80088;18.96516;13.62769;64.0;266.99583;74.0;13.7829;112.0;113.0;68.4;84.2;99.235;35.8;94.9;103.993;1.468;9.513;14.0;59.12229;107.0;10.0;125.0;3.45024;126.6;126.0;99.235;115.8;37.6;103.993;84.4;54413.0;0.2220057706798008
3302;3302;2002;Marshall Islands;Western Pacific;122.6;36.0;24.01274;160.0;130.0;101.45075;122.0;125.84237;80.0;80.0;227.95568;18.92875;13.59382;80.0;266.95088;66.0;13.752540000000002;112.0;113.0;69.3;84.6;99.012;36.9;95.5;103.776;1.454;10.018;14.0;59.023;109.0;10.0;125.0;3.44308;126.1;126.0;99.012;117.4;38.7;103.776;85.30000000000001;54496.0;0.22497064004697592
3303;3303;2003;Marshall Islands;Western Pacific;124.5;36.0;23.91223;160.0;128.0;100.94092;140.0;125.2267;80.0;68.0;228.10898;18.7859;13.53822;90.0;266.90636;76.0;13.68743;112.0;113.0;70.5;85.0;99.171;38.0;96.1;103.711;1.45;10.264;14.0;58.82665999999999;110.9;10.0;125.0;3.42681;125.9;126.0;99.171;119.1;39.9;103.711;86.4;54493.0;0.2284697117060907
3304;3304;2005;Marshall Islands;Western Pacific;127.5;35.0;23.57876;156.0;126.0;99.395;251.0;123.06394;88.0;77.0;228.41079;18.56811;13.41514;86.0;266.81871;140.0;13.47323;111.0;113.0;73.80000000000001;86.4;99.317;40.0;97.3;103.719;1.412;10.624;14.0;58.16865000000001;115.1;10.0;125.0;3.38932;125.3;126.0;99.317;122.2;42.0;103.719;88.6;54337.0;0.23464674163093285
3305;3305;2006;Marshall Islands;Western Pacific;128.6;34.0;23.38595;152.0;122.0;98.57719;312.0;121.8857;95.0;74.0;228.83571;18.44436;13.32266;96.0;267.03758;170.0;13.35012;111.0;113.0;76.4;87.3;99.026;41.1;97.8;103.41;1.395;10.857;14.0;57.79694;117.7;8.0;125.0;3.3674;124.79999999999998;126.0;99.026;123.7;42.7;103.41;90.1;54208.0;0.23723435655253838
3306;3306;2007;Marshall Islands;Western Pacific;129.3;34.0;23.1861;150.0;120.0;97.72065;352.0;120.67533;91.0;93.0;229.26074;18.31621;13.25452;94.0;267.25783;190.0;13.22544;111.0;113.0;79.5;88.2;98.618;42.0;98.0;102.88500000000002;1.376;10.885;14.0;57.4332;120.3;8.0;125.0;3.34192;124.1;126.0;98.618;125.1;43.5;102.88500000000002;91.6;54038.0;0.23927606499130244
3307;3307;2008;Marshall Islands;Western Pacific;129.3;32.0;22.99309;144.0;116.0;96.84876;278.0;119.49646;96.0;95.0;229.68644;18.21114;13.21819;86.0;267.47927;150.0;13.1052;111.0;113.0;82.5;89.19999999999999;97.936;42.8;98.1;102.172;1.336;10.753;12.0;57.09154;122.8;8.0;125.0;3.31601;123.4;126.0;97.936;126.6;43.8;102.172;93.1;53816.0;0.2402631187750855
3308;3308;2009;Marshall Islands;Western Pacific;129.0;31.0;22.81387;140.0;112.0;96.08688;313.0;118.37475;99.0;96.0;230.11187;18.04914;13.16167;78.0;267.70213;170.0;12.994;111.0;113.0;85.4;90.1;96.95;43.400000000000006;98.1;101.065;1.294;10.544;12.0;56.77507;125.3;8.0;125.0;3.29093;122.5;126.0;96.95;127.9;44.1;101.065;94.4;53593.0;0.24070307689437054
3309;3309;2010;Marshall Islands;Western Pacific;128.7;29.0;22.61171;132.0;106.0;95.2034;428.0;117.15751;95.0;94.0;230.53762;17.93361;13.11994;97.0;267.92625;230.0;12.86787;111.0;113.0;87.8;91.0;96.67;43.8;97.8;100.832;1.262;10.346;12.0;56.42457;127.7;8.0;125.0;3.2686;121.8;126.0;96.67;129.2;44.1;100.832;95.4;53416.0;0.24093904448105435
3310;3310;2011;Marshall Islands;Western Pacific;128.39999999999998;27.0;22.38944;124.0;100.0;94.19562;307.0;115.78663;88.0;87.0;230.96365;17.79734;13.03801;88.0;268.15158;160.0;12.72972;111.0;113.0;88.9;91.8;96.823;44.0;97.4;100.743;1.23;10.108;12.0;56.01423;129.2;8.0;125.0;3.24273;121.5;126.0;96.823;130.4;44.3;100.743;95.5;52971.0;0.24239678314549465
3311;3311;2012;Marshall Islands;Western Pacific;127.5;26.0;22.07207;116.0;92.0;92.84876;320.0;113.91494;80.0;80.0;231.38837;17.59802;12.99995;78.0;268.37854;170.0;12.532899999999998;111.0;113.0;89.5;92.5;96.807;44.1;97.0;100.694;1.198;9.881;12.0;55.38237999999999;130.5;8.0;125.0;3.20538;120.9;126.0;96.807;131.4;44.2;100.694;95.4;52203.0;0.24423883684845699
3312;3312;2013;Marshall Islands;Western Pacific;126.4;24.0;21.70457;108.0;86.0;91.14904;327.0;111.54467;79.0;79.0;231.81107000000003;17.35637;12.90205;79.0;268.60727;170.0;12.30686;112.0;114.0;89.8;93.1;97.014;44.1;96.3;100.58;1.156;9.655;12.0;54.65145;131.6;8.0;125.0;3.15867;120.5;126.0;97.014;132.4;44.3;100.58;95.1;51352.0;0.24614425923040972
3313;3313;2014;Marshall Islands;Western Pacific;125.1;22.0;21.28533;98.0;78.0;89.28520999999999;310.0;108.99685;77.0;78.0;232.23237;17.03683;12.73777;79.0;268.83755;160.0;12.04421;112.0;114.0;90.0;93.6;97.186;44.0;95.6;100.71;1.135;9.409;10.0;53.87128;132.6;8.0;125.0;3.10327;120.0;126.0;97.186;133.2;44.1;100.71;94.5;50419.0;0.24812074813066498
3314;3314;2015;Marshall Islands;Western Pacific;123.6;20.0;20.84664;90.0;72.0;87.30228;300.0;106.27721;85.0;85.0;232.65183;16.62761;12.55103;75.0;269.06946;150.0;11.76403;112.0;114.0;90.2;94.0;98.034;44.1;94.6;101.329;1.0950000000000002;9.176;10.0;53.08084;133.4;6.0;125.0;3.04981;119.7;126.0;98.034;134.0;44.0;101.329;93.8;49410.0;0.25015179113539765
3315;3315;2016;Marshall Islands;Western Pacific;122.5;18.0;20.38573;82.0;66.0;85.28963999999999;388.0;103.53265000000002;69.0;71.0;233.06974;16.17083;12.34276;75.0;269.30288;190.0;11.47237;112.0;114.0;90.0;94.5;99.089;43.8;93.7;102.265;1.077;8.921;10.0;52.22116;134.0;6.0;125.0;2.99008;119.7;126.0;99.089;134.6;43.89999999999999;102.265;92.7;48329.0;0.25347100084835195
3316;3316;2017;Marshall Islands;Western Pacific;121.2;17.0;19.91203;76.0;60.0;83.15836999999999;439.0;100.73341;79.0;80.0;233.48572;15.71443;12.10511;83.0;269.53787;210.0;11.17437;112.0;114.0;89.8;94.8;99.848;43.6;92.6;102.907;1.049;8.635;10.0;51.30194;134.3;6.0;125.0;2.93345;119.1;126.0;99.848;135.2;43.7;102.907;91.5;47187.0;0.25685040371288703
3317;3317;2018;Marshall Islands;Western Pacific;119.7;15.0;19.48004;70.0;56.0;81.0973;918.0;98.00774;80.0;81.0;233.90034000000003;15.23442;11.91451;83.0;269.77423;420.0;10.89876;112.0;114.0;89.69999999999999;95.2;100.758;43.5;91.70000000000002;103.68099999999998;1.022;8.326;8.0;50.46609000000001;134.7;6.0;125.0;2.86717;118.8;126.0;100.758;135.8;43.8;103.68099999999998;90.4;45989.0;0.26027963208593363
3318;3318;2019;Marshall Islands;Western Pacific;118.5;14.0;18.99189;64.0;52.0;78.83571;483.0;95.01388;78.0;79.0;234.21136;14.76337;11.71217;85.0;269.93016;220.0;10.59454;113.0;114.0;90.0;95.6;101.818;43.4;90.8;104.635;1.017;8.074;8.0;49.54756999999999;135.3;6.0;125.0;2.81263;118.2;126.0;101.818;136.5;44.0;104.635;89.30000000000001;44728.0;0.2649347165086747
3319;3319;2000;Marshall Islands;Western Pacific;119.1;36.0;24.03689;160.0;130.0;101.57842;84.0;126.00415;36.0;39.0;;18.91217;13.63036;94.0;;45.0;13.767029999999998;112.0;113.0;67.69999999999999;84.0;99.689;34.7;94.1;104.672;1.483;8.607;16.0;59.08928999999999;105.2;10.0;125.0;3.44744;126.9;126.0;99.689;114.1;36.4;104.672;83.5;54224.0;0.21964443788728238
3360;3360;2004;Nauru;Western Pacific;137.7;7.0;22.41125;22.0;18.0;94.5394;72.0;116.2885;73.0;80.0;131.33856;24.67056;13.74479;67.0;193.4327;7.0;12.76224;110.0;114.0;96.3;106.4;89.70400000000001;30.0;79.69999999999999;92.239;0.2249999999999999;1.707;2.0;56.17249;123.5;2.0;126.0;3.25114;118.20000000000002;126.0;89.70400000000001;128.70000000000002;31.5;92.239;73.4;10335.0;1.332365747460087
3361;3361;2001;Nauru;Western Pacific;133.0;8.0;23.65144;24.0;20.0;99.98137;33.0;123.86296;99.0;95.0;131.38772;25.24074;13.93443;95.0;191.44468;3.0;13.527550000000002;111.0;114.0;94.3;105.1;89.67299999999999;27.5;78.9;92.10099999999998;0.2279999999999999;1.77;2.0;58.51347;119.2;2.0;126.0;3.39703;117.9;127.0;89.67299999999999;124.7;29.0;92.10099999999998;72.0;10363.0;1.2834121393418894
3362;3362;2002;Nauru;Western Pacific;134.10000000000002;7.0;23.12095;24.0;20.0;97.6826;56.0;120.61387;59.0;80.0;131.37132;24.96786;13.85729;40.0;192.10736;6.0;13.20099;111.0;114.0;94.8;105.3;89.444;28.3;79.0;92.081;0.2269999999999999;1.7279999999999998;2.0;57.58186;120.4;2.0;126.0;3.33397;117.9;127.0;89.444;125.8;29.800000000000004;92.081;72.3;10351.0;1.2955270022220078
3363;3363;2003;Nauru;Western Pacific;136.0;7.0;22.69755;24.0;18.0;95.81984;33.0;118.09447;66.0;80.0;131.35494;24.79145;13.82122;53.0;192.77002;3.0;12.93986;111.0;114.0;95.4;105.8;89.72800000000001;29.1;79.30000000000001;92.054;0.2259999999999999;1.71;2.0;56.772;121.8;2.0;126.0;3.28431;118.20000000000002;127.0;89.72800000000001;127.1;30.6;92.054;72.7;10344.0;1.3147718484145399
3364;3364;2005;Nauru;Western Pacific;139.5;7.0;22.24105;22.0;18.0;93.70035;123.0;115.08548;80.0;80.0;131.32216;24.55935;13.67196;80.0;194.09536;13.0;12.65585;110.0;114.0;97.2;107.2;89.70200000000001;30.8;80.2;92.337;0.2249999999999999;1.711;2.0;55.80282;125.1;2.0;126.0;3.23175;118.2;126.0;89.70200000000001;130.5;32.3;92.337;73.8;10318.0;1.3520062027524715
3365;3365;2006;Nauru;Western Pacific;141.3;8.0;22.18138;24.0;18.0;93.34919;134.0;114.58765;90.0;72.0;131.30578;24.48906;13.64097;99.0;194.75804;14.0;12.6183;110.0;114.0;98.5;108.2;90.0;31.7;80.8;92.335;0.2249999999999999;1.714;2.0;55.64117999999999;127.0;2.0;125.0;3.22666;117.6;126.0;90.0;132.2;33.3;92.335;74.4;10294.0;1.372644258791529
3366;3366;2007;Nauru;Western Pacific;142.5;8.0;22.15837;24.0;20.0;93.28486;34.0;114.57945999999998;99.0;99.0;131.28938;24.45084;13.63107;99.0;195.4207;3.0;12.6051;110.0;114.0;99.9;109.5;90.00200000000001;32.5;81.3;92.337;0.2259999999999999;1.765;2.0;55.57106000000001;129.29999999999998;2.0;125.0;3.22526;117.5;126.0;90.00200000000001;134.2;34.099999999999994;92.337;75.19999999999999;10267.0;1.3879419499366905
3367;3367;2008;Nauru;Western Pacific;143.10000000000002;8.0;22.17905;24.0;20.0;93.27794;56.0;114.55696;99.0;99.0;131.273;24.3564;13.60408;99.0;196.08338;6.0;12.62193;110.0;114.0;101.4;110.7;89.498;33.2;81.9;92.024;0.2259999999999999;1.8010000000000002;2.0;55.583870000000005;131.3;2.0;125.0;3.22073;116.8;126.0;89.498;136.3;35.0;92.024;75.7;10243.0;1.3970516450258716
3368;3368;2009;Nauru;Western Pacific;142.8;8.0;22.10061;26.0;20.0;92.86008;45.0;113.87247;99.0;99.0;131.2566;24.21611;13.57674;99.0;196.74606;5.0;12.57536;110.0;114.0;103.0;112.2;88.796;34.0;82.4;91.112;0.2259999999999999;1.847;2.0;55.40765;133.6;2.0;126.0;3.20143;115.9;126.0;88.796;138.5;35.7;91.112;76.3;10233.0;1.3954851949574905
3369;3369;2010;Nauru;Western Pacific;141.89999999999998;9.0;21.86949;26.0;22.0;91.74192;34.0;112.38013;99.0;99.0;131.24022;23.97408;13.52649;99.0;197.40872;3.0;12.42979;110.0;114.0;104.4;113.7;88.498;34.7;83.0;90.814;0.2259999999999999;1.888;2.0;54.93087;135.8;2.0;126.0;3.17331;114.9;126.0;88.498;140.7;36.5;90.814;76.9;10241.0;1.3856068743286785
3370;3370;2011;Nauru;Western Pacific;141.0;9.0;21.53723;26.0;22.0;90.22654;56.0;110.30489;99.0;99.0;131.22384;23.65917;13.38369;99.0;198.0714;6.0;12.21759;110.0;114.0;106.0;115.1;88.59700000000001;35.4;83.4;90.91299999999998;0.2259999999999999;1.924;2.0;54.278400000000005;138.0;2.0;126.0;3.13302;114.3;126.0;88.59700000000001;143.0;37.2;90.91299999999998;77.39999999999999;10283.0;1.371195176504911
3371;3371;2012;Nauru;Western Pacific;139.2;8.0;21.14568;26.0;22.0;88.46094;68.0;107.9232;79.0;79.0;131.20744;23.13048;13.24285;96.0;198.73406;7.0;11.96298;110.0;114.0;107.3;116.4;88.5;36.0;83.9;90.836;0.2259999999999999;1.946;2.0;53.51287;140.1;2.0;126.0;3.08127;113.4;126.0;88.5;145.1;38.0;90.836;77.7;10444.0;1.332822673305247
3372;3372;2013;Nauru;Western Pacific;137.2;8.0;20.704;26.0;20.0;86.43722;76.0;105.19777;87.0;87.0;131.19106;22.58113;13.11325;97.0;199.39674;8.0;11.66968;111.0;115.0;108.5;117.8;88.50200000000001;36.8;84.3;90.537;0.2249999999999999;1.92;2.0;52.67749;142.39999999999998;2.0;126.0;3.02738;112.5;126.0;88.50200000000001;147.4;38.8;90.537;78.1;10694.0;1.2829624088273797
3373;3373;2014;Nauru;Western Pacific;135.1;8.0;20.2431;24.0;20.0;84.3903;84.0;102.42217;95.0;95.0;131.19106;21.98247;12.91037;98.0;200.0;9.0;11.36657;111.0;115.0;109.9;119.0;88.21499999999999;37.7;84.6;90.228;0.213;1.891;2.0;51.90512;144.4;2.0;126.0;2.96582;111.3;126.0;88.21499999999999;149.60000000000002;39.7;90.228;78.4;10940.0;1.2349177330895795
3374;3374;2015;Nauru;Western Pacific;132.89999999999998;8.0;19.76923;24.0;20.0;82.3997;103.0;99.75484;91.0;91.0;131.19106;21.38941;12.72897;98.0;200.0;12.0;11.06695;111.0;115.0;111.2;120.3;88.541;38.5;85.0;90.543;0.212;1.863;2.0;51.16593;146.7;2.0;126.0;2.90433;110.4;126.0;88.541;151.7;40.6;90.543;78.69999999999999;11185.0;1.1881984801072865
3375;3375;2016;Nauru;Western Pacific;131.0;7.0;19.27618;24.0;20.0;80.26877;101.0;96.95204;97.0;97.0;131.19106;20.75708;12.58583;98.0;200.0;12.0;10.76679;111.0;115.0;112.8;121.5;88.96;39.4;85.30000000000001;90.97100000000002;0.211;1.833;2.0;50.37653;148.8;2.0;125.0;2.84658;109.8;126.0;88.96;153.8;41.7;90.97100000000002;79.0;11437.0;1.1454052636180818
3376;3376;2017;Nauru;Western Pacific;129.0;7.0;18.79973;22.0;18.0;78.07789;89.0;94.0971;87.0;87.0;131.19106;20.11958;12.39389;95.0;200.0;10.0;10.48287;111.0;115.0;114.4;122.7;89.18800000000002;40.4;85.5;90.997;0.209;1.799;2.0;49.5369;150.8;2.0;125.0;2.7864;109.1;126.0;89.18800000000002;155.7;42.6;90.997;79.5;11682.0;1.1042629686697483
3377;3377;2018;Nauru;Western Pacific;126.9;7.0;18.33341;22.0;18.0;75.96694;48.0;91.26035;90.0;90.0;;19.52493;12.20167;99.0;200.0;6.0;10.20833;112.0;115.0;116.0;124.0;89.505;41.4;85.8;90.903;0.208;1.754;2.0;48.665600000000005;152.8;2.0;125.0;2.72685;108.4;126.0;89.505;157.60000000000002;43.7;90.903;79.8;11924.0;1.064240187856424
3378;3378;2019;Nauru;Western Pacific;125.4;7.0;17.862659999999998;20.0;18.0;73.77620999999999;161.0;88.42038;96.0;96.0;;18.85688;11.9789;95.0;200.0;20.0;9.9298;112.0;115.0;117.6;125.2;89.83399999999999;42.7;86.2;91.23;0.207;1.71;2.0;47.74452;154.9;2.0;125.0;2.6664;107.8;126.0;89.83399999999999;159.5;45.0;91.23;80.4;12132.0;1.0336300692383777
3379;3379;2000;Nauru;Western Pacific;132.0;8.0;24.26916;26.0;20.0;102.72751;44.0;127.71749;27.0;44.0;131.4041;25.58508;14.05763;8.0;190.78202;5.0;13.90974;111.0;114.0;93.9;105.0;89.791;26.9;78.9;92.43;0.2299999999999999;1.825;2.0;59.55629;117.9;2.0;126.0;3.47348;117.8;127.0;89.791;123.5;28.3;92.43;71.8;10377.0;1.2720439433362243
3400;3400;2004;Niue;Western Pacific;113.4;1.0;20.62195;2.0;2.0;87.33636;0.0;106.35282;99.0;99.0;100.0;19.05077;13.16494;99.0;99.24311;0.0;11.77817;113.0;116.0;104.0;101.9;78.01599999999999;40.2;113.1;79.233;0.017;0.1669999999999999;0.0;52.167480000000005;135.60000000000002;0.0;127.0;3.03792;107.2;127.0;78.01599999999999;135.7;40.1;79.233;112.7;1891.0;5.996827075621365
3401;3401;2001;Niue;Western Pacific;103.6;1.0;19.52699;2.0;2.0;82.20866;0.0;99.48991;99.0;99.0;100.0;17.85516;12.9221;99.0;99.24311;0.0;11.04382;114.0;115.0;100.5;99.9;78.934;35.7;108.6;80.261;0.017;0.1649999999999999;0.0;50.44263;129.5;0.0;127.0;2.88962;108.5;127.0;78.934;130.0;35.8;80.261;107.7;2011.0000000000002;5.151665837891596
3402;3402;2002;Niue;Western Pacific;106.9;1.0;19.98895;2.0;2.0;84.15968;256.0;102.08882;99.0;99.0;100.0;18.33416;13.08163;99.0;99.24311;5.0;11.33407;114.0;115.0;101.4;100.5;78.232;37.1;110.0;79.859;0.017;0.1649999999999999;0.0;51.36346999999999;131.3;0.0;127.0;2.94512;108.0;127.0;78.232;131.8;37.2;79.859;109.2;1965.0;5.440203562340967
3403;3403;2003;Niue;Western Pacific;110.4;1.0;20.34422;2.0;2.0;85.96549999999999;0.0;104.54317;95.0;95.0;100.0;18.73013;13.13558;86.0;99.24311;0.0;11.58316;114.0;115.0;102.6;101.1;78.029;38.7;111.4;79.44600000000001;0.017;0.1659999999999999;0.0;52.13253;133.4;0.0;127.0;2.9979;107.7;127.0;78.029;133.60000000000002;38.6;79.44600000000001;110.9;1928.0;5.726141078838174
3404;3404;2005;Niue;Western Pacific;115.9;1.0;20.8682;2.0;2.0;88.09592;0.0;107.39363;86.0;85.0;100.0;19.19886;13.14588;99.0;99.0943;0.0;11.95121;113.0;116.0;105.5;102.8;77.70299999999999;41.7;114.6;78.919;0.017;0.1679999999999999;0.0;51.64575;137.9;0.0;127.0;3.05651;106.4;127.0;77.70299999999999;137.6;41.6;78.919;114.4;1856.0;6.244612068965518
3405;3405;2006;Niue;Western Pacific;117.6;1.0;20.85471;2.0;2.0;88.01509;0.0;107.22932;99.0;99.0;100.0;19.18628;13.04909;99.0;98.94548;0.0;11.97585;113.0;116.0;107.6;103.8;77.39999999999999;43.2;116.1;78.91699999999999;0.017;0.1689999999999999;0.0;51.22468;140.70000000000002;0.0;127.0;3.05444;105.7;127.0;77.39999999999999;139.70000000000002;42.8;78.91699999999999;116.8;1833.0;6.415711947626841
3406;3406;2007;Niue;Western Pacific;118.4;1.0;20.78468;2.0;2.0;87.43184;0.0;106.4454;99.0;99.0;99.83061;18.98398;12.92622;99.0;98.79667;0.0;11.94411;113.0;116.0;109.8;104.9;77.39799999999998;44.7;117.5;78.60399999999998;0.016;0.1679999999999999;0.0;50.89395;143.5;0.0;127.0;3.03429;105.0;127.0;77.39799999999998;141.8;44.1;78.60399999999998;119.2;1822.0;6.49835345773875
3407;3407;2008;Niue;Western Pacific;118.5;1.0;20.6558;2.0;2.0;86.26876;0.0;104.8712;99.0;99.0;99.47321;18.66921;12.71209;99.0;98.64785;0.0;11.83712;113.0;116.0;111.3;106.3;77.097;45.9;118.9;78.303;0.016;0.1669999999999999;0.0;50.20432;145.9;0.0;127.0;2.99946;104.1;127.0;77.097;143.89999999999998;45.3;78.303;121.0;1821.0;6.507413509060955
3408;3408;2009;Niue;Western Pacific;118.0;1.0;20.41986;2.0;2.0;84.78545;0.0;102.90518;99.0;99.0;99.11582;18.16885;12.47816;99.0;98.49903;0.0;11.63528;113.0;116.0;113.1;107.5;76.474;47.1;120.0;77.7;0.016;0.1649999999999999;0.0;49.670570000000005;148.5;0.0;127.0;2.95908;103.1;128.0;76.474;145.9;46.3;77.7;122.7;1815.0;6.501377410468319
3409;3409;2010;Niue;Western Pacific;117.0;1.0;20.16617;2.0;2.0;83.1549;0.0;100.73936;99.0;99.0;98.75843;17.74265;12.28328;99.0;98.35022;0.0;11.41095;113.0;116.0;115.5;108.8;76.373;48.1;121.0;77.699;0.016;0.154;0.0;49.50166;151.1;0.0;127.0;2.91364;102.3;128.0;76.373;147.89999999999998;47.2;77.699;124.5;1812.0;6.456953642384105
3410;3410;2011;Niue;Western Pacific;116.4;1.0;19.80512;2.0;2.0;81.16123999999999;71.0;98.23342;99.0;99.0;98.40103;17.25834;12.04452;99.0;98.2014;1.0;11.12803;113.0;116.0;117.2;110.0;76.682;49.10000000000001;121.9;77.99799999999999;0.016;0.153;0.0;49.16851;153.7;0.0;127.0;2.86003;102.0;127.0;76.682;149.9;48.1;77.99799999999999;126.4;1811.0;6.42738818332413
3411;3411;2012;Niue;Western Pacific;115.5;1.0;19.38231;2.0;2.0;79.06554;0.0;95.36994;99.0;99.0;98.04364;16.7456;11.84389;99.0;98.05259;0.0;10.81547;113.0;116.0;118.2;111.1;76.861;50.1;122.6;78.09699999999998;0.016;0.152;0.0;48.79948;155.7;0.0;127.0;2.80217;101.70000000000002;127.0;76.861;151.7;48.9;78.09699999999998;127.4;1813.0;6.370656370656371
3412;3412;2013;Niue;Western Pacific;114.6;0.0;18.91177;2.0;2.0;76.95708;0.0;92.54428;99.0;99.0;97.68624;16.21801;11.62569;99.0;97.90377;0.0;10.48512;113.0;116.0;118.9;112.3;77.182;51.0;123.2;78.29799999999999;0.016;0.152;0.0;48.554010000000005;157.5;0.0;127.0;2.73969;101.4;127.0;77.182;153.5;49.8;78.29799999999999;128.0;1825.0;6.279452054794519
3413;3413;2014;Niue;Western Pacific;113.3;0.0;18.42346;2.0;2.0;74.87325;0.0;89.76522;99.0;99.0;97.32885;15.7573;11.44308;99.0;97.75496;0.0;10.16736;113.0;116.0;120.0;113.4;77.66100000000002;52.1;123.70000000000002;78.597;0.016;0.153;0.0;48.29032;159.4;0.0;127.0;2.68548;101.1;127.0;77.66100000000002;155.2;50.7;78.597;128.9;1833.0;6.181123840698309
3414;3414;2015;Niue;Western Pacific;112.4;0.0;17.89322;2.0;2.0;72.66378;0.0;86.97782;99.0;99.0;96.97146;15.25452;11.20315;99.0;97.60614;0.0;9.83666;113.0;116.0;121.1;114.4;78.282;53.1;124.2;79.49799999999999;0.016;0.152;0.0;47.92951000000001;161.2;0.0;127.0;2.63068;101.1;127.0;78.282;156.8;51.6;79.49799999999999;129.7;1847.0;6.085544125609096
3415;3415;2016;Niue;Western Pacific;111.7;0.0;17.46368;2.0;2.0;70.69663;29.0;84.33286;99.0;99.0;96.61406;14.776;10.99104;99.0;97.45732;1.0;9.58333;113.0;116.0;121.8;115.3;79.173;54.1;124.5;80.09899999999999;0.016;0.152;0.0;47.66521;162.7;0.0;127.0;2.56709;101.1;127.0;79.173;158.3;52.5;80.09899999999999;130.0;1861.0;6.00214938205266
3416;3416;2017;Niue;Western Pacific;110.7;0.0;17.02177;2.0;2.0;68.87377000000001;0.0;81.96262;99.0;99.0;96.25667;14.33779;10.78644;99.0;97.30851;0.0;9.32542;114.0;116.0;122.3;116.3;79.89499999999998;55.1;124.6;80.69999999999999;0.016;0.151;0.0;47.21456;164.0;0.0;127.0;2.51398;101.1;127.0;79.89499999999998;159.70000000000002;53.3;80.69999999999999;130.3;1869.0;5.922953451043339
3417;3417;2018;Niue;Western Pacific;109.5;0.0;16.56793;2.0;2.0;66.94575;143.0;79.53535;99.0;99.0;95.89927;13.90638;10.60644;99.0;97.15969;3.0;9.06353;114.0;116.0;123.4;117.3;80.49599999999998;56.3;124.9;81.30099999999999;0.016;0.149;0.0;46.59262;165.6;0.0;127.0;2.45637;100.8;127.0;80.49599999999998;160.8;54.400000000000006;81.30099999999999;130.8;1887.0;5.802861685214626
3418;3418;2019;Niue;Western Pacific;108.8;0.0;16.084690000000002;2.0;2.0;64.99119999999999;0.0;77.08597;99.0;99.0;95.54188;13.40645;10.38446;99.0;97.01088;0.0;8.80382;114.0;116.0;124.2;118.3;81.29899999999999;57.5;125.1;82.204;0.015;0.148;0.0;45.79337999999999;167.0;0.0;126.0;2.39978;100.8;127.0;81.29899999999999;162.10000000000002;55.6;82.204;131.10000000000002;1921.0;5.663716814159292
3419;3419;2000;Niue;Western Pacific;100.2;1.0;19.06912;2.0;2.0;80.16938;0.0;96.80103;99.0;99.0;100.0;17.33082;12.8176;99.0;99.24311;0.0;10.73616;115.0;115.0;99.5;99.7;79.547;34.3;107.3;81.07499999999999;0.018;0.1669999999999999;0.0;49.67838999999999;127.5;0.0;127.0;2.83291;109.2;127.0;79.547;128.3;34.5;81.07499999999999;106.1;2074.0;4.831243972999036
3420;3420;2004;Palau;Western Pacific;109.5;4.0;16.3922;14.0;14.0;71.70268999999999;29.0;79.13368;98.0;98.0;275.12568;14.16969;9.91133;99.0;297.86154;6.0;8.93333;114.0;115.0;110.9;123.70000000000002;85.92300000000002;22.4;91.9;87.027;0.194;1.483;2.0;61.59024;120.3;2.0;126.0;2.50026;108.0;127.0;85.92300000000002;128.8;23.7;87.027;81.0;19907.0;0.550057768624102
3421;3421;2001;Palau;Western Pacific;107.3;4.0;17.16074;16.0;14.0;75.04390000000001;64.0;83.48937000000001;98.0;98.0;269.74237;14.95518;10.2571;91.0;297.5816;13.0;9.409949999999998;114.0;115.0;105.7;120.7;86.82100000000001;20.200000000000003;88.19999999999999;87.83099999999999;0.21;1.322;2.0;59.62522;114.5;2.0;126.0;2.59787;108.9;127.0;86.82100000000001;123.5;21.4;87.83099999999999;77.1;19828.0;0.5411539237442001
3422;3422;2002;Palau;Western Pacific;108.0;4.0;16.90777;16.0;14.0;73.81587999999999;64.0;81.98911;99.0;99.0;271.49077;14.71621;10.15116;99.0;297.67177;13.0;9.25038;114.0;115.0;107.1;121.6;86.235;20.9;89.30000000000001;87.43299999999999;0.208;1.346;2.0;60.28533;116.2;2.0;126.0;2.56397;108.4;127.0;86.235;125.3;22.1;87.43299999999999;78.1;19851.0;0.5440531963125284
3423;3423;2003;Palau;Western Pacific;108.7;4.0;16.63942;14.0;14.0;72.74897;52.0;80.54718;99.0;99.0;273.24336;14.45264;10.04517;99.0;297.76231;10.0;9.0847;114.0;115.0;108.9;122.6;86.04700000000001;21.6;90.5;87.033;0.206;1.409;2.0;60.96588;118.1;2.0;126.0;2.53179;108.2;127.0;86.04700000000001;126.8;22.9;87.033;79.4;19880.0;0.5467806841046278
3424;3424;2005;Palau;Western Pacific;110.1;4.0;16.114939999999997;14.0;14.0;70.56148;58.0;77.66081;98.0;98.0;276.99276999999995;13.89893;9.77989;98.0;297.95955000000004;12.0;8.76876;114.0;115.0;113.4;124.8;85.603;23.3;93.2;86.68500000000002;0.182;1.499;2.0;62.073350000000005;122.8;2.0;126.0;2.46471;107.5;127.0;85.603;130.6;24.6;86.68500000000002;82.80000000000001;19831.0;0.5551913670515859
3425;3425;2006;Palau;Western Pacific;110.7;4.0;15.83086;14.0;12.0;69.43391;70.0;76.20232999999999;98.0;98.0;278.84526;13.6185;9.6518;98.0;298.05637;14.0;8.60616;114.0;115.0;115.1;126.1;85.55499999999999;24.200000000000003;94.5;86.636;0.1699999999999999;1.631;2.0;62.16375000000001;125.4;2.0;126.0;2.43035;107.2;127.0;85.55499999999999;132.7;25.5;86.636;84.4;19619.0;0.5642489423518018
3426;3426;2007;Palau;Western Pacific;110.8;4.0;15.56727;14.0;12.0;68.22608;65.0;74.68267;94.0;94.0;280.68330000000003;13.2758;9.49593;91.0;298.15204;13.0;8.458369999999999;113.0;115.0;117.2;127.3;85.496;25.0;95.8;86.37500000000001;0.1689999999999999;1.6190000000000002;2.0;62.09747;127.9;3.0;126.0;2.39423;106.5;127.0;85.496;134.9;26.3;86.37500000000001;86.0;19366.0;0.5721367344831146
3427;3427;2008;Palau;Western Pacific;110.1;3.0;15.25703;14.0;12.0;66.77596;91.0;72.86144;92.0;92.0;282.50735;12.93482;9.3898;97.0;298.24657;17.0;8.28249;114.0;115.0;119.0;128.39999999999998;84.823;25.9;97.2;85.89;0.1669999999999999;1.526;2.0;61.90989;130.5;2.0;126.0;2.35226;105.9;127.0;84.823;137.2;27.200000000000003;85.89;87.7;19102.0;0.576379436708198
3428;3428;2009;Palau;Western Pacific;109.1;3.0;14.91874;12.0;12.0;65.07678;116.0;70.92084;48.0;49.0;284.31751;12.58623;9.24905;75.0;298.33999;22.0;8.08757;114.0;115.0;121.0;129.6;84.42399999999999;27.0;98.3;85.39999999999999;0.1659999999999999;1.41;2.0;61.54189000000001;133.3;2.0;126.0;2.30604;105.29999999999998;127.0;84.42399999999999;139.6;28.0;85.39999999999999;89.4;18826.0;0.5795176883034101
3429;3429;2010;Palau;Western Pacific;108.29999999999998;3.0;14.61586;12.0;12.0;63.48219;118.0;69.10513;68.0;69.0;286.11425;12.24856;9.12333;39.0;298.43233;22.0;7.907419999999999;114.0;115.0;123.0;130.5;84.348;28.0;99.7;85.314;0.1649999999999999;1.363;2.0;61.10048999999999;136.3;2.0;126.0;2.2652;105.0;127.0;84.348;142.0;29.1;85.314;91.2;18540.0;0.5841423948220065
3430;3430;2011;Palau;Western Pacific;107.5;3.0;14.27271;12.0;10.0;61.79623000000001;76.0;67.14760000000001;98.0;84.0;287.8978;11.89271;8.98413;85.0;298.5236;14.0;7.69863;114.0;115.0;125.8;131.4;84.473;29.200000000000003;101.0;85.338;0.1649999999999999;1.285;2.0;60.81306;139.9;2.0;126.0;2.21706;104.7;127.0;84.473;144.5;30.1;85.338;94.0;18240.0;0.5893640350877193
3431;3431;2012;Palau;Western Pacific;106.5;3.0;13.93577;12.0;10.0;60.031400000000005;26.0;65.21179000000001;89.0;89.0;289.66864;11.51678;8.83044;91.0;298.61386;5.0;7.494020000000001;114.0;115.0;128.2;131.9;84.481;30.500000000000004;102.3;85.64500000000001;0.154;1.256;2.0;60.04288;143.6;2.0;126.0;2.17001;104.5;127.0;84.481;147.0;31.2;85.64500000000001;96.7;17946.0;0.5934470076897359
3432;3432;2013;Palau;Western Pacific;105.4;3.0;13.58014;10.0;10.0;58.28038;52.0;63.12451;99.0;99.0;291.4269;11.15268;8.6799;99.0;298.70311;9.0;7.281319999999999;114.0;115.0;130.1;132.2;84.68900000000001;32.2;103.5;85.753;0.154;1.272;2.0;59.34483;147.0;0.0;126.0;2.12362;104.1;127.0;84.68900000000001;149.39999999999998;32.5;85.753;99.3;17805.0;0.591968548160629
3433;3433;2014;Palau;Western Pacific;104.1;3.0;13.21621;10.0;10.0;56.55279;90.0;61.14293;95.0;95.0;293.17306;10.7796;8.53847;83.0;298.79138;16.0;7.06773;114.0;115.0;131.6;132.29999999999998;85.00999999999999;33.8;104.7;85.96300000000001;0.153;1.291;2.0;58.69028;150.5;0.0;126.0;2.07014;103.8;127.0;85.00999999999999;152.0;34.1;85.96300000000001;101.79999999999998;17796.0;0.5849629130141605
3434;3434;2015;Palau;Western Pacific;103.2;3.0;12.8508;10.0;8.0;54.75099;90.0;59.1347;89.0;90.0;294.90745;10.46562;8.39938;95.0;298.87872;16.0;6.852780000000001;114.0;115.0;132.79999999999998;132.3;85.43799999999999;35.7;105.8;86.491;0.153;1.303;2.0;57.99953;153.8;0.0;126.0;2.02237;103.8;127.0;85.43799999999999;154.4;35.599999999999994;86.491;104.2;17794.0;0.579970776666292
3435;3435;2016;Palau;Western Pacific;102.7;2.0;12.51814;10.0;8.0;53.05299;148.0;57.24419;98.0;98.0;296.63019;10.11827;8.24299;96.0;298.96515;26.0;6.6519200000000005;114.0;115.0;134.3;132.1;86.335;37.6;107.1;87.187;0.152;1.289;2.0;57.44995;157.1;0.0;126.0;1.9755;103.5;126.0;86.335;156.79999999999998;37.3;87.187;106.6;17816.0;0.576448136506511
3436;3436;2017;Palau;Western Pacific;101.9;2.0;12.187450000000002;8.0;8.0;51.46192;129.0;55.44277;97.0;97.0;298.34195;9.77477;8.07897;93.0;299.05073000000004;23.0;6.4484;114.0;115.0;135.89999999999998;132.0;86.72399999999999;39.8;108.1;87.686;0.151;1.271;2.0;56.99947999999999;160.3;0.0;126.0;1.9301;103.5;126.0;86.72399999999999;159.1;39.1;87.686;109.0;17837.0;0.5712844088131412
3437;3437;2018;Palau;Western Pacific;101.1;3.0;11.85247;10.0;8.0;49.828050000000005;109.0;53.63808;98.0;95.0;298.34664;9.4279;7.92709;90.0;299.05004;20.0;6.24265;115.0;115.0;137.7;132.0;87.235;42.00000000000001;109.1;88.186;0.151;1.23;2.0;56.55747;163.60000000000002;0.0;126.0;1.88228;103.0;126.0;87.235;161.2;40.900000000000006;88.186;111.5;17864.0;0.5659426780116436
3438;3438;2019;Palau;Western Pacific;100.5;3.0;11.5338;10.0;8.0;48.29288;39.0;51.95602;97.0;97.0;298.35113;9.121;7.77019;97.0;299.04937;7.0;6.04862;115.0;116.0;139.2;131.8;88.151;44.6;110.3;88.89999999999999;0.15;1.21;2.0;56.08772999999999;166.6;0.0;126.0;1.84245;102.9;126.0;88.151;163.4;43.0;88.89999999999999;114.2;17916.0;0.5609511051574012
3439;3439;2000;Palau;Western Pacific;106.8;4.0;17.43892;16.0;14.0;76.41263;64.0;85.17735;96.0;96.0;267.99811;15.24846;10.37931;83.0;297.49175;13.0;9.58578;114.0;115.0;104.7;120.0;87.305;19.6;87.10000000000001;88.417;0.212;1.384;2.0;59.10612;113.1;2.0;126.0;2.63351;109.20000000000002;127.0;87.305;122.1;20.6;88.417;76.5;19726.0;0.5414174186353036
3580;3580;2004;Tuvalu;Western Pacific;152.2;5.0;22.47338;18.0;14.0;94.28668;186.0;115.96811;98.0;98.0;240.06296;22.99124;14.60384;97.0;292.56166;18.0;12.76518;109.0;116.0;120.6;122.9;78.55600000000001;16.4;57.3;80.524;0.1669999999999999;1.843;2.0;55.19333;78.9;2.0;127.0;3.27098;104.4;128.0;78.55600000000001;80.2;16.5;80.524;56.0;9791.0;1.5544888162598303
3581;3581;2001;Tuvalu;Western Pacific;147.60000000000002;6.0;23.57244;20.0;16.0;99.55161;194.0;123.27866;96.0;96.0;239.8869;24.07087;15.09482;99.0;292.53639;19.0;13.48;109.0;116.0;116.7;119.4;79.737;15.2;55.7;81.80399999999999;0.1659999999999999;1.713;2.0;57.46216;75.0;2.0;127.0;3.41954;106.29999999999998;128.0;79.737;76.5;15.3;81.80399999999999;54.2;9621.0;1.5341440598690368
3582;3582;2002;Tuvalu;Western Pacific;149.10000000000002;6.0;23.19513;20.0;16.0;97.75993;156.0;120.73483000000002;98.0;98.0;239.91915;23.81857;14.96741;99.0;292.54102;15.0;13.24088;109.0;116.0;117.7;120.4;79.13799999999999;15.6;56.2;81.19399999999999;0.1659999999999999;1.7679999999999998;2.0;56.50259;76.2;2.0;127.0;3.36877;105.6;128.0;79.13799999999999;77.69999999999999;15.6;81.19399999999999;54.8;9609.0;1.5516703090852328
3583;3583;2003;Tuvalu;Western Pacific;150.60000000000002;5.0;22.85632;18.0;14.0;96.09408;367.0;118.43649;93.0;93.0;239.98295;23.48698;14.77547;95.0;292.55017;35.0;13.0167;109.0;116.0;119.0;121.6;78.84;16.0;56.7;80.917;0.1669999999999999;1.8010000000000002;2.0;55.79681000000001;77.4;2.0;127.0;3.32175;105.0;128.0;78.84;78.9;16.1;80.917;55.3;9668.0;1.5577161770790238
3584;3584;2005;Tuvalu;Western Pacific;153.3;5.0;22.01896;18.0;14.0;92.2487;138.0;113.13698;99.0;93.0;240.14289;22.27369;14.35904;62.0;292.57313;14.0;12.47009;109.0;116.0;122.5;124.5;78.459;16.7;57.900000000000006;80.54700000000001;0.1679999999999999;1.864;2.0;54.52391;80.3;2.0;127.0;3.21251;104.0;128.0;78.459;81.5;16.799999999999997;80.54700000000001;56.8;9912.0;1.5466101694915255
3585;3585;2006;Tuvalu;Western Pacific;153.89999999999998;5.0;21.46728;16.0;14.0;89.77176;102.0;109.74182;97.0;97.0;242.00916;21.28554;14.0343;84.0;293.59519;10.0;12.11197;109.0;116.0;124.7;126.1;78.27400000000002;17.0;58.4;80.25200000000001;0.1679999999999999;1.916;2.0;53.66506;81.8;2.0;127.0;3.14305;103.5;128.0;78.27400000000002;82.8;17.1;80.25200000000001;57.5;10030.0;1.5343968095712859
3586;3586;2007;Tuvalu;Western Pacific;154.2;5.0;20.84279;16.0;14.0;86.98592;203.0;105.96684;97.0;97.0;243.85981;20.02641;13.63466;95.0;294.61394;21.0;11.71007;109.0;116.0;127.1;128.0;78.288;17.3;58.8;80.276;0.1679999999999999;1.922;2.0;52.67108999999999;83.6;2.0;127.0;3.06406;102.8;128.0;78.288;84.1;17.1;80.276;58.2;10149.0;1.5193615134496008
3587;3587;2008;Tuvalu;Western Pacific;153.0;4.0;20.18373;16.0;12.0;84.03221;190.0;101.9377;99.0;99.0;245.69484;18.67042;13.12398;93.0;295.62939;19.0;11.29395;109.0;116.0;129.8;130.0;78.00099999999999;17.3;59.2;79.78899999999999;0.1679999999999999;1.934;2.0;51.59064;85.1;2.0;127.0;2.97986;102.0;128.0;78.00099999999999;85.5;17.299999999999997;79.78899999999999;58.8;10272.0;1.4894859813084111
3588;3588;2009;Tuvalu;Western Pacific;151.20000000000002;4.0;19.4898;14.0;12.0;80.91604;199.0;97.78267;85.0;88.0;247.514;17.37146;12.65606;90.0;296.6415;21.0;10.8609;109.0;116.0;132.39999999999998;132.0;77.404;17.5;59.5;79.392;0.1679999999999999;1.932;2.0;50.40725;86.69999999999999;2.0;127.0;2.89393;101.3;128.0;77.404;86.89999999999999;17.4;79.392;59.3;10408.0;1.4527286702536513
3589;3589;2010;Tuvalu;Western Pacific;149.39999999999998;4.0;18.82062;14.0;12.0;77.92031;153.0;93.84531;89.0;89.0;249.31751;16.16835;12.20656;85.0;297.65032;16.0;10.44778;109.0;116.0;134.9;134.3;77.318;17.5;59.8;79.40700000000001;0.1679999999999999;1.92;2.0;49.24373;88.30000000000001;2.0;127.0;2.80789;101.2;128.0;77.318;88.2;17.3;79.40700000000001;59.8;10550.0;1.4161137440758291
3590;3590;2011;Tuvalu;Western Pacific;147.3;4.0;18.19435;14.0;12.0;75.14443;130.0;90.24621;96.0;96.0;251.10541;15.11354;11.78926;98.0;298.65585000000004;14.0;10.06536;110.0;116.0;137.0;136.3;77.747;17.5;59.8;79.82600000000001;0.1689999999999999;1.915;2.0;48.15586;89.69999999999999;2.0;127.0;2.72742;101.1;128.0;77.747;89.4;17.3;79.82600000000001;59.99999999999999;10700.0;1.3766355140186917
3591;3591;2012;Tuvalu;Western Pacific;144.89999999999998;3.0;17.624679999999998;14.0;12.0;72.61542;203.0;86.90064000000001;97.0;97.0;252.87779;14.23772;11.42356;98.0;299.65811;22.0;9.71835;110.0;116.0;138.89999999999998;138.1;78.06400000000001;17.3;59.9;80.044;0.1689999999999999;1.891;2.0;47.14563;90.9;2.0;127.0;2.65567;101.2;128.0;78.06400000000001;90.6;17.3;80.044;60.1;10854.0;1.3349917081260363
3592;3592;2013;Tuvalu;Western Pacific;142.3;3.0;17.09026;14.0;12.0;70.20611;191.0;83.85437;90.0;90.0;252.04219;13.41896;11.07932;96.0;300.0;21.0;9.39641;110.0;116.0;140.6;140.1;78.69099999999999;17.4;59.9;80.361;0.1699999999999999;1.885;2.0;46.15895999999999;92.1;2.0;127.0;2.58306;101.4;127.0;78.69099999999999;91.8;17.2;80.361;60.1;10918.0;1.3033522623191063
3593;3593;2014;Tuvalu;Western Pacific;139.6;3.0;16.61704;14.0;12.0;68.04298;157.0;80.99374;89.0;89.0;250.32563;12.7515;10.75547;94.0;300.0;17.0;9.11663;110.0;116.0;142.3;141.89999999999998;79.01;17.3;59.8;80.7;0.1699999999999999;1.859;2.0;45.25224;93.2;2.0;127.0;2.51773;101.4;127.0;79.01;93.0;17.200000000000003;80.7;60.1;10899.0;1.280851454261859
3594;3594;2015;Tuvalu;Western Pacific;136.5;3.0;16.11329;12.0;10.0;65.84498;207.0;78.19041;96.0;96.0;250.35576;12.14896;10.47576;94.0;300.0;23.0;8.81803;111.0;116.0;143.8;143.7;79.654;17.3;59.6;81.544;0.181;1.843;2.0;44.21506;94.4;2.0;127.0;2.45313;101.7;127.0;79.654;94.1;17.200000000000003;81.544;59.900000000000006;10877.0;1.2549416199319665
3595;3595;2016;Tuvalu;Western Pacific;134.0;3.0;15.6797;12.0;10.0;63.80763;205.0;75.60416000000001;94.0;94.0;250.38498;11.60402;10.24256;96.0;300.0;22.0;8.56145;111.0;116.0;145.3;145.4;80.599;17.4;59.7;82.6;0.181;1.827;2.0;43.25913;95.4;0.0;126.0;2.39445;102.0;127.0;80.599;95.2;17.4;82.6;59.6;10852.0;1.234795429413933
3596;3596;2017;Tuvalu;Western Pacific;131.10000000000002;3.0;15.203220000000002;12.0;10.0;61.73707;233.0;72.94941;96.0;96.0;250.41323;11.11437;10.00613;95.0;300.0;25.0;8.28005;111.0;116.0;146.5;147.2;81.556;17.5;59.50000000000001;83.34700000000001;0.181;1.798;2.0;42.21594;96.2;0.0;126.0;2.33863;102.0;127.0;81.556;96.3;17.5;83.34700000000001;59.3;10828.0;1.2107499076468418
3597;3597;2018;Tuvalu;Western Pacific;128.39999999999998;3.0;14.80746;12.0;10.0;59.819950000000006;270.0;70.52767;89.0;89.0;250.44059;10.68132;9.81564;88.0;300.0;29.0;8.04223;112.0;116.0;147.9;148.8;82.313;17.6;59.5;83.905;0.181;1.769;2.0;41.31082;97.2;0.0;126.0;2.28231;101.9;127.0;82.313;97.5;17.8;83.905;59.3;10865.0;1.1817763460653472
3598;3598;2019;Tuvalu;Western Pacific;125.8;3.0;14.34777;12.0;10.0;57.77486;296.0;67.98886;92.0;92.0;;10.28863;9.60977;96.0;300.0;32.0;7.760400000000001;112.0;116.0;149.4;150.39999999999998;83.28500000000001;17.9;59.6;84.867;0.182;1.7399999999999998;2.0;40.26434;98.3;0.0;126.0;2.22589;102.0;127.0;83.28500000000001;98.7;18.1;84.867;59.0;10956.0;1.1482292807594012
3599;3599;2000;Tuvalu;Western Pacific;146.39999999999998;6.0;24.04627;22.0;18.0;101.64357;196.0;126.22826;82.0;82.0;;24.3378;15.18999;81.0;;19.0;13.77544;110.0;116.0;115.8;118.8;80.44;14.8;55.2;82.516;0.1659999999999999;1.651;2.0;58.64994;73.8;2.0;127.0;3.47456;107.1;127.0;80.44;75.3;14.9;82.516;53.7;9638.0;1.5189873417721516
3660;3660;2004;Cook Islands;Western Pacific;90.5;2.0;10.04067;10.0;8.0;38.08671;6.1;44.32463;99.0;99.0;93.82705;7.91129;8.68091;99.0;99.88789;1.0;5.24347;116.0;116.0;115.4;119.7;80.499;37.7;115.3;82.041;0.242;1.799;2.0;58.27147;139.6;2.0;127.0;1.62195;103.20000000000002;127.0;80.49899999999998;141.4;38.1;82.041;113.5;15113.0;0.5988222060477735
3661;3661;2001;Cook Islands;Western Pacific;90.3;3.0;11.35707;12.0;10.0;44.12491;13.0;51.43207;90.0;90.0;92.70027;9.20307;9.42938;83.0;99.86995;2.0;6.00996;116.0;116.0;113.2;117.6;81.415;34.099999999999994;111.3;83.27799999999999;0.272;1.862;2.0;62.55292;134.10000000000002;2.0;127.0;1.80974;104.3;127.0;81.415;135.8;34.4;83.27799999999999;109.7;15294.0;0.5904276186739897
3662;3662;2002;Cook Islands;Western Pacific;90.2;3.0;10.90348;12.0;10.0;42.08182;6.3;48.99707;97.0;97.0;93.07586;8.75401;9.14975;95.0;99.87593;1.0;5.74995;116.0;116.0;113.8;118.2;80.75;35.2;112.5;82.71799999999999;0.269;1.802;2.0;61.4086;135.8;2.0;127.0;1.74635;103.8;127.0;80.75;137.5;35.6;82.71799999999999;110.79999999999998;15028.0;0.6002129358530742
3663;3663;2003;Cook Islands;Western Pacific;90.4;3.0;10.469550000000002;10.0;8.0;40.08223;0.0;46.64065;95.0;96.0;93.45146;8.33189;8.90132;99.0;99.88191;0.0;5.49662;116.0;116.0;114.5;118.9;80.613;36.400000000000006;113.9;82.37899999999999;0.255;1.809;2.0;59.97709;137.6;2.0;127.0;1.68446;103.5;127.0;80.613;139.4;36.9;82.37899999999999;112.2;15077.0;0.5995887776082776
3664;3664;2005;Cook Islands;Western Pacific;90.4;2.0;9.61376;8.0;8.0;36.147;6.0;42.05763;99.0;99.0;94.20265;7.51005;8.44836;99.0;99.89387;1.0;4.99112;116.0;116.0;116.4;120.4;80.37400000000001;38.7;116.7;81.91300000000001;0.239;1.778;2.0;56.08870999999999;141.6;2.0;127.0;1.56032;102.6;127.0;80.37400000000001;143.4;39.3;81.91300000000001;114.9;15146.0;0.596857256041199
3665;3665;2006;Cook Islands;Western Pacific;90.2;2.0;9.19735;8.0;6.0;34.23436;6.0;39.83908;99.0;99.0;94.57824;7.10271;8.12952;99.0;99.89985;1.0;4.74734;116.0;116.0;118.2;121.2;80.34900000000002;40.0;117.8;81.676;0.227;1.727;0.0;54.03141;144.0;2.0;127.0;1.49937;102.3;127.0;80.34900000000002;145.5;40.4;81.676;116.3;15199.0;0.5934600960589512
3666;3666;2007;Cook Islands;Western Pacific;89.69999999999999;2.0;8.79426;8.0;6.0;32.38858;6.8;37.70208;99.0;99.0;94.95384;6.71819;7.77935;98.0;99.90583;1.0;4.513;116.0;116.0;120.20000000000002;122.1;80.291;41.0;119.0;81.705;0.225;1.669;0.0;52.48528;146.5;0.0;127.0;1.43901;101.7;127.0;80.291;147.5;41.3;81.705;117.9;15507.0;0.5784484426388082
3667;3667;2008;Cook Islands;Western Pacific;88.7;2.0;8.3987;8.0;6.0;30.64533;12.0;35.68981;99.0;99.0;95.32944;6.35035;7.42839;95.0;99.91181;2.0;4.28534;116.0;116.0;122.4;122.9;79.975;42.1;120.0;81.388;0.212;1.605;0.0;51.18760999999999;149.4;0.0;127.0;1.38166;101.2;127.0;79.975;149.60000000000002;42.1;81.388;119.8;16062.999999999998;0.5522007097055346
3668;3668;2009;Cook Islands;Western Pacific;87.6;2.0;8.03727;6.0;6.0;29.03741;12.0;33.84486;82.0;82.0;95.70503;6.02777;7.08376;78.0;99.91779;2.0;4.08169;116.0;116.0;124.6;123.7;79.40599999999999;43.1;120.9;80.72599999999998;0.21;1.519;0.0;50.09373;152.3;0.0;127.0;1.32895;100.5;127.0;79.40599999999999;151.7;42.8;80.72599999999998;121.6;16634.0;0.526632199110256
3669;3669;2010;Cook Islands;Western Pacific;86.5;2.0;7.72598;6.0;6.0;27.66155;0.0;32.27895;99.0;99.0;96.08063;5.72779;6.75115;99.0;99.92377;0.0;3.90883;116.0;116.0;127.0;124.6;79.333;44.1;121.8;80.641;0.208;1.456;0.0;48.88716;155.5;0.0;127.0;1.28219;99.9;127.0;79.333;153.9;43.5;80.641;123.7;17212.0;0.5025563560306763
3670;3670;2011;Cook Islands;Western Pacific;85.80000000000001;2.0;7.44097;6.0;6.0;26.44065;6.3;30.87092;93.0;93.0;96.45622;5.47503;6.45677;89.0;99.92975;1.0;3.7503;116.0;116.0;128.7;125.3;79.527;45.0;122.5;80.723;0.206;1.38;0.0;47.70685;158.2;0.0;127.0;1.23994;99.8;127.0;79.527;155.9;44.1;80.723;125.2;17769.0;0.482863413810569
3671;3671;2012;Cook Islands;Western Pacific;84.9;2.0;7.1884;6.0;6.0;25.32414;6.4;29.5967;98.0;98.0;96.83182;5.24443;6.18293;97.0;99.93573;1.0;3.60763;116.0;116.0;130.5;125.7;79.68799999999999;45.8;123.2;80.88199999999998;0.194;1.308;0.0;46.59658;161.0;0.0;127.0;1.20091;99.6;127.0;79.68799999999999;157.9;44.7;80.88199999999998;126.8;18000.0;0.4716666666666667
3672;3672;2013;Cook Islands;Western Pacific;83.9;2.0;6.962389999999999;6.0;6.0;24.32402;13.0;28.425;98.0;98.0;97.20741;5.03139;5.94145;97.0;99.94171;2.0;3.4792500000000004;116.0;116.0;132.4;126.3;79.95599999999999;46.7;123.6;81.138;0.182;1.261;0.0;45.42882;163.7;0.0;127.0;1.16716;99.29999999999998;127.0;79.956;159.89999999999998;45.3;81.138;128.3;17916.0;0.46829649475329316
3673;3673;2014;Cook Islands;Western Pacific;83.1;2.0;6.74207;6.0;6.0;23.38998;13.0;27.35476;99.0;99.0;97.58301;4.82452;5.73402;98.0;99.94769;2.0;3.35591;117.0;116.0;134.0;126.6;80.313;47.8;124.1;81.29299999999999;0.18;1.215;0.0;44.50957;166.39999999999998;0.0;127.0;1.13497;99.0;127.0;80.31299999999999;161.89999999999998;46.0;81.29299999999999;129.8;17816.0;0.4664346654692411
3674;3674;2015;Cook Islands;Western Pacific;82.4;1.0;6.53978;6.0;4.0;22.54032;0.0;26.36456;99.0;99.0;97.9586;4.64929;5.55181;99.0;99.95367;0.0;3.24355;117.0;116.0;135.70000000000002;126.9;80.795;48.7;124.3;81.96300000000001;0.168;1.1720000000000002;0.0;43.57781;169.0;0.0;127.0;1.10254;99.0;127.0;80.79499999999999;163.7;46.6;81.96300000000001;131.10000000000002;17695.0;0.46566826787228033
3675;3675;2016;Cook Islands;Western Pacific;82.0;1.0;6.35648;6.0;4.0;21.77308;13.0;25.48414;99.0;99.0;98.3342;4.46698;5.38403;90.0;99.95965;2.0;3.1421900000000003;117.0;116.0;137.0;127.29999999999998;81.708;49.8;124.7;82.875;0.167;1.13;0.0;42.77658;171.4;0.0;127.0;1.07369;99.0;127.0;81.70799999999998;165.4;47.400000000000006;82.875;132.2;17546.0;0.467342984155933
3676;3676;2017;Cook Islands;Western Pacific;81.5;1.0;6.16686;4.0;4.0;20.98979;0.0;24.56767;99.0;99.0;98.7098;4.30951;5.23592;98.0;99.96563;0.0;3.03743;117.0;116.0;138.3;127.6;82.312;50.8;124.8;83.277;0.165;1.109;0.0;41.74205;173.5;0.0;127.0;1.04669;98.7;127.0;82.31199999999998;167.0;48.0;83.277;133.2;17395.0;0.4685254383443518
3677;3677;2018;Cook Islands;Western Pacific;81.0;1.0;5.9895;4.0;4.0;20.25379;0.0;23.706;99.0;99.0;99.08539;4.16585;5.08846;99.0;99.97161;0.0;2.93984;117.0;116.0;139.7;127.9;82.914;52.1;125.0;83.77799999999999;0.154;1.0779999999999998;0.0;40.88417;175.8;0.0;127.0;1.01857;98.4;127.0;82.914;168.7;48.900000000000006;83.77799999999999;134.1;17253.0;0.4694835680751174
3678;3678;2019;Cook Islands;Western Pacific;80.9;1.0;5.82384;4.0;4.0;19.58274;13.0;22.90779;98.0;98.0;99.08539;4.02231;4.95588;99.0;99.97161;2.0;2.84931;117.0;116.0;141.0;128.3;83.939;53.5;125.1;84.691;0.152;1.051;0.0;40.01823;178.0;0.0;126.0;0.99403;98.4;127.0;83.939;170.2;49.9;84.691;135.3;17110.0;0.47282291057860903
3679;3679;2000;Cook Islands;Western Pacific;90.5;4.0;11.82032;14.0;12.0;46.21108;6.4;53.96661;92.0;92.0;92.32467;9.65617;9.69786;76.0;99.86398;1.0;6.2720400000000005;116.0;116.0;112.9;117.2;82.002;32.8;110.0;84.08899999999998;0.287;2.007;2.0;63.56257000000001;132.60000000000002;2.0;127.0;1.87239;104.7;127.0;82.00200000000001;134.0;33.1;84.08899999999998;108.6;15897.0;0.5692898031075045
