;Unnamed: 0;year;countryName;regionName;MH_12-Male;POP;CHILDMORT5TO14-Both sexes;CHILDMORT5TO14;CM_01-Female;CM_01-Both sexes;CM_01-Male;CM_01;CM_02-Both sexes;CM_02-Male;CM_02-Female;CM_02;CM_03-Both sexes;CM_03;MDG_0000000001-Both sexes;MDG_0000000001-Female;MDG_0000000001-Male;MDG_0000000001;MDG_0000000007-Both sexes;MDG_0000000007-Female;MDG_0000000007-Male;MDG_0000000007;MDG_0000000017;MDG_0000000020;MH_12-Both sexes;MH_12-Female;MH_12;NCD_DTH_TOT-Male;NCD_DTH_TOT-Female;NCD_DTH_TOT-Both sexes;NCD_DTH_TOT;NCD_UNDER70-Male;NCD_UNDER70-Female;NCD_UNDER70-Both sexes;NCD_UNDER70;NCDMORT3070-Female;NCDMORT3070-Male;NCDMORT3070-Both sexes;NCDMORT3070;RS_196-Male;RS_196-Female;RS_196-Both sexes;RS_196;RS_198-Female;RS_198-Male;RS_198-Both sexes;RS_198;SA_0000001400;SA_0000001688-Both sexes;SA_0000001688-Male;SA_0000001688-Female;SA_0000001688;SDG_SH_DTH_RNCOM-Male;SDG_SH_DTH_RNCOM-Both sexes;SDG_SH_DTH_RNCOM-Female;SDG_SH_DTH_RNCOM;SDGPOISON-Male;SDGPOISON-Female;SDGPOISON-Both sexes;SDGPOISON;SDGSUICIDE;TB_e_inc_num;TB_e_mort_exc_tbhiv_num;VIOLENCE_HOMICIDENUM-Both sexes;VIOLENCE_HOMICIDENUM-Male;VIOLENCE_HOMICIDENUM-Female;VIOLENCE_HOMICIDENUM;VIOLENCE_HOMICIDERATE-Both sexes;VIOLENCE_HOMICIDERATE-Male;VIOLENCE_HOMICIDERATE-Female;VIOLENCE_HOMICIDERATE;WHOSIS_000003-Both sexes;WHOSIS_000003;WHOSIS_000014;WHS2_131-Male;WHS2_131-Female;WHS2_131-Both sexes;WHS2_131;WHS4_100;WHS4_544;WHS8_110;WSH_SANITATION_BASIC;WSH_WATER_BASIC;WHOSIS_000016-Both sexes;WHOSIS_000016;HEMOGLOBINLEVEL_CHILDREN_MEAN;NCD_HYP_DIAGNOSIS_A-Both sexes;NCD_HYP_DIAGNOSIS_A-Female;NCD_HYP_DIAGNOSIS_A-Male;NCD_HYP_DIAGNOSIS_A;HEMOGLOBINLEVEL_PREGNANT_MEAN;NCD_HYP_PREVALENCE_A-Both sexes;NCD_HYP_PREVALENCE_A-Female;NCD_HYP_PREVALENCE_A-Male;NCD_HYP_PREVALENCE_A;NCD_HYP_PREVALENCE_C-Male;NCD_HYP_PREVALENCE_C-Both sexes;NCD_HYP_PREVALENCE_C-Female;NCD_HYP_PREVALENCE_C;NCD_HYP_CONTROL_A-Male;NCD_HYP_CONTROL_A-Both sexes;NCD_HYP_CONTROL_A-Female;NCD_HYP_CONTROL_A;NUTRITION_ANAEMIA_NONPREGNANT_-Female_x;NUTRITION_ANAEMIA_NONPREGNANT__x;NCD_HYP_CONTROL_C-Male;NCD_HYP_CONTROL_C-Female;NCD_HYP_CONTROL_C-Both sexes;NCD_HYP_CONTROL_C;NUTRITION_ANAEMIA_REPRODUCTIVE-Female_x;NUTRITION_ANAEMIA_REPRODUCTIVE_x;NCD_HYP_TREATMENT_A-Female;NCD_HYP_TREATMENT_A-Male;NCD_HYP_TREATMENT_A-Both sexes;NCD_HYP_TREATMENT_A;NUTRITION_ANAEMIA_REPRODUCTIVE-Female_y;NUTRITION_ANAEMIA_REPRODUCTIVE_y;NUTRITION_ANAEMIA_CHILDREN_NUM-Both sexes;NUTRITION_ANAEMIA_CHILDREN_NUM;NUTRITION_ANAEMIA_PREGNANT_NUM-Female;NUTRITION_ANAEMIA_PREGNANT_NUM;NUTRITION_ANAEMIA_CHILDREN_PRE-Both sexes;NUTRITION_ANAEMIA_CHILDREN_PRE;NCD_HYP_TREATMENT_C-Both sexes;NCD_HYP_TREATMENT_C-Female;NCD_HYP_TREATMENT_C-Male;NCD_HYP_TREATMENT_C;CHILDMORT_DEATHS_10TO14-Both sexes;CHILDMORT_DEATHS_10TO14;NCD_HYP_DIAGNOSIS_C-Both sexes;NCD_HYP_DIAGNOSIS_C-Female;NCD_HYP_DIAGNOSIS_C-Male;NCD_HYP_DIAGNOSIS_C;HEMOGLOBINLEVEL_REPRODUCTIVEAG;CM_04-Both sexes;CM_04;CHILDMORT_MORTALITY_10TO14-Both sexes;CHILDMORT_MORTALITY_10TO14;NUTRITION_ANAEMIA_NONPREGNANT_-Female_y;NUTRITION_ANAEMIA_NONPREGNANT__y;NUTRITION_ANAEMIA_PREGNANT_PRE-Female;NUTRITION_ANAEMIA_PREGNANT_PRE;HEMOGLOBINLEVEL_NONPREGNANT_ME;percent
880;880;2006;Lesotho;Africa;95.6455;1976780.0;11.43161;11.43161;3239.0;7079.0;3840.0;14158.0;4472.0;2489.0;1983.0;8944.0;2467.0;2467.0;74.45588;66.78669;81.68941;222.93198;116.46537;107.90935;124.56728;348.942;83.0;1230.0;55.3566;22.1199;173.122;5439.831;6038.108;11477.94;22955.879;69.71109;48.88137;58.75336;177.34582;32.80541;45.98411;39.09014;117.87966;437.2598;116.1257;553.3855;1106.771;11.30134;45.4346;27.80925;84.54519;5.54529;5.96384;10.29382;2.07332;18.33098;4073.1736;8948.771999999999;4875.5992;17897.5448;4.11128;2.80085;3.43462;10.34675;122.2605;24000.0;1700.0;916.4271;729.5024;186.9247;1832.8542;46.05316;75.8008;18.19149;140.04545;40.7878;40.7878;32.16833;1202.636;849.6982;995.4579;3047.7921;89.0;88.0;82.0;70.78476;215.24921;6.58001;6.58001;109.0;39.2;45.7;28.6;113.5;116.0;39.8;45.3;33.1;118.2;31.2;38.1;43.9;113.2;5.9;8.9;10.9;25.700000000000003;184.356;553.356;5.9;10.8;9.0;25.700000000000003;197.883;593.583;37.6;17.4;30.2;85.19999999999999;197.883;593.583;131.406;393.746;13.326;39.956;49.9;149.70000000000002;29.6;37.2;16.9;83.70000000000002;264.0;264.0;38.7;45.4;27.6;111.7;125.0;308.0;308.0;5.59543;5.59543;184.356;553.356;35.0;105.1;126.0;95.6455
881;881;2004;Lesotho;Africa;82.19621;1985384.0;11.88631;11.88631;3227.0;7051.0;3824.0;14102.0;4468.0;2486.0;1982.0;8936.0;2487.0;2487.0;73.03141;65.5776;80.09268;218.70169;114.50367;106.1754;122.41994;343.09901;82.0;1150.0;47.0599;18.0142;147.27031;5047.493;5337.346;10384.84;20769.679;68.61123;47.51117;57.76673;173.88913;29.67314;43.1676;36.1203;108.96104;430.4682;115.0605;545.5287;1091.0574;11.07834;44.49992;27.19549;82.77375;3.56598;4.49101;7.78286;1.56762;13.84149;3768.1993;8084.124999999999;4315.925499999999;16168.2498;3.68256;2.27923;2.95597;8.917760000000001;101.8178;23000.0;1700.0;921.4551;732.1895;189.2656;1842.9102;45.93602;75.69055;18.22302;139.84959;40.30597;40.30597;33.30741;1131.647;776.2272;923.0782;2830.9524;90.0;89.0;84.0;58.82301;213.36269;6.85323;6.85323;109.0;37.6;44.1;27.1;108.8;115.0;39.1;44.4;32.8;116.3;31.0;37.5;43.0;111.5;5.1;7.8;9.6;22.5;193.016;579.116;5.2;9.5;7.9;22.6;206.999;621.2990000000001;34.8;15.7;27.7;78.2;206.999;621.2990000000001;131.218;393.378;13.782;41.362;49.2;147.60000000000002;27.2;34.4;15.4;77.0;291.0;291.0;37.1;43.8;26.3;107.2;125.0;334.0;334.0;5.86882;5.86882;193.016;579.116;35.5;106.5;126.0;82.19621
882;882;2012;Lesotho;Africa;172.9289;2054718.0;10.1407;10.1407;2412.0;5328.0;2916.0;10656.0;4012.0;2229.0;1783.0;8024.0;2473.0;2473.0;70.17317;63.00895;76.84402;210.02614;92.69279;84.80006;99.97792;277.47077;60.0;1040.0;101.9589;40.7306;315.6184;7112.785;8452.754;15565.54;31131.079;75.0504;55.23993;64.29247;194.5828;40.41626;51.92275;45.72755;138.06656;443.4148;131.5852;575.0;1150.0;12.76032;45.07247;28.53615;86.36894000000001;4.94;5.15488;8.83314;1.73741;15.72543;5190.840400000001;11884.604;6693.7636;23769.208;6.4825;4.39361;5.41347;16.28958;239.476;21000.0;1200.0;791.1325;630.9779;160.1545;1582.2649;39.26239;64.13799;15.5308;118.93118;42.84727;42.84727;29.55377;1415.13;1072.919;1213.22;3701.269;95.0;93.0;91.0;105.47995;220.97216000000003;5.7437;5.7437;109.0;45.6;52.5;33.8;131.89999999999998;116.0;40.6;46.7;33.1;120.4;30.1;38.0;45.0;113.1;8.8;12.7;15.0;36.5;164.81300000000002;494.60300000000007;8.8;15.0;12.7;36.5;177.40200000000002;532.272;44.9;22.7;37.0;104.6;177.40200000000002;532.272;120.486;362.006;12.19;36.58;49.0;147.0;35.9;44.4;21.6;101.9;213.0;213.0;44.7;52.3;32.0;129.0;127.0;263.0;263.0;4.84418;4.84418;164.81300000000002;494.60300000000007;33.6;100.9;128.0;172.9289
883;883;2010;Lesotho;Africa;152.7446;2022747.0;10.56838;10.56838;2543.0;5606.0;3063.0;11212.0;4091.0;2275.0;1816.0;8182.0;2446.0;2446.0;70.90117;63.66106;77.79215;212.35438;96.42329;88.55832;104.01713;288.99874;64.0;1180.0;86.8905;30.7387;270.3738;6497.897;7409.73;13907.63;27815.257;74.45449;51.60197;62.27908;188.33554;36.754;50.41331;43.19677;130.36408;427.5823;124.4177;552.0;1104.0;12.13034;44.08514;27.6612;83.87668;5.5;6.37975;10.96113;2.18122;19.5221;4773.6929;10713.303;5939.6104;21426.6063;5.77559;3.59299;4.65379;14.02237;198.574;24000.0;1300.0;836.4346;667.7863;168.6484;1672.8693;41.91447;68.85098;16.44269;127.20814;42.02553;42.02553;30.36912;1355.63;965.6342;1127.561;3448.8252;93.0;92.0;88.0;94.10498;219.04957;6.02122;6.02122;109.0;43.3;50.0;31.9;125.2;116.0;40.6;46.5;33.3;120.4;30.8;38.5;45.3;114.6;7.7;11.4;13.6;32.7;170.46699999999998;510.957;7.7;13.5;11.3;32.5;183.226;550.0360000000001;42.7;20.9;34.9;98.5;183.226;550.0360000000001;121.668;365.278;12.459;37.429;48.7;146.10000000000002;34.1;42.4;20.1;96.6;223.0;223.0;42.7;49.9;30.5;123.1;126.0;275.0;275.0;5.08123;5.08123;170.46699999999998;510.957;34.1;102.3;127.0;152.7446
884;884;2019;Lesotho;Africa;146.8871;2225702.0;8.61006;8.61006;2298.0;5083.0;2785.0;10166.0;3973.0;2204.0;1769.0;7946.0;2515.0;2515.0;71.42851;64.34959;78.18904;213.96714;90.90027;83.15428;98.33192;272.38647000000003;57.0;654.0;87.4824;34.559;268.9285;7626.766;8477.314;16104.08;32208.16;74.2124;57.61101;65.4733;197.29671;37.47267;49.35137;42.73358;129.55762;530.7034;147.7867;678.4901;1356.9802;13.71796;50.64234;31.92493;96.28523;7.109999999999999;5.08471;8.64782;1.67319;15.40572;5538.294900000001;12201.804999999998;6663.5102;24403.6101;6.19648;4.2835;5.22677;15.70675;4468.324299999999;14000.0;1200.0;923.9038;732.7836;191.1202;1847.8076;43.47237;69.92583;17.74029;131.13849;44.83549;44.83549;27.90086;1339.813;999.6214;1137.235;3476.6694;87.0;87.0;90.0;143.8666;227.83236;4.74874;4.74874;109.0;53.5;60.8;40.8;155.1;115.0;40.1;46.8;32.1;119.0;28.3;36.8;44.8;109.9;13.9;18.3;20.8;53.0;171.031;513.491;13.7;20.7;18.1;52.5;183.201;549.481;51.1;29.4;43.6;124.1;183.201;549.481;129.936;389.816;11.77;35.33;51.4;154.2;41.8;50.3;27.4;119.5;176.0;176.0;52.1;60.5;38.1;150.7;127.0;213.0;213.0;4.1094;4.1094;171.031;513.491;33.5;100.4;128.0;146.8871
885;885;2005;Lesotho;Africa;82.7327;1977424.0;11.65227;11.65227;3255.0;7113.0;3858.0;14226.0;4489.0;2498.0;1991.0;8978.0;2479.0;2479.0;73.9709;66.38096;81.10204;221.4539;116.09375;107.58204;124.14145;347.81724;91.0;1200.0;46.7412;17.2391;146.713;5032.093;5465.521;10497.61;20995.224;68.55721;46.43966;57.04184;172.03871;30.18005;43.43879;36.49816;110.117;434.5435;115.8235;550.367;1100.734;11.22417;45.06759;27.57191;83.86367;3.88056;5.12054;8.85323;1.78333;15.7571;3771.1614;8220.811;4449.6504;16441.6228;3.71924;2.30655;2.98894;9.01473;102.2086;24000.0;1800.0;917.8082;729.406;188.4022;1835.6164;45.97973;75.64851;18.2576;139.88584;40.53552;40.53552;32.69903;1133.33;786.8603;930.3887;2850.579;89.0;88.0;83.0;64.8279;214.30089;6.72273;6.72273;109.0;38.4;44.9;27.8;111.1;116.0;39.5;44.8;33.0;117.3;31.1;37.8;43.5;112.4;5.5;8.4;10.2;24.1;188.826;566.0260000000001;5.5;10.2;8.4;24.1;202.593;607.793;36.2;16.6;28.9;81.69999999999999;202.593;607.793;130.659;392.269;13.567;40.737;49.5;148.5;28.4;35.8;16.1;80.29999999999998;277.0;277.0;37.9;44.6;27.0;109.5;125.0;319.0;319.0;5.72577;5.72577;188.826;566.0260000000001;35.2;105.7;126.0;82.7327
886;886;2009;Lesotho;Africa;148.1117;2009169.0;10.78435;10.78435;2787.0;6118.0;3331.0;12236.0;4280.0;2379.0;1901.0;8560.0;2446.0;2446.0;73.62886;66.17554;80.72038;220.52478;104.17917;96.02411;111.92328;312.12656000000004;67.0;1230.0;84.627;30.8152;263.5539;6389.8;7225.674;13615.47;27230.944;73.62365;51.85372;62.07044;187.54781;36.55949;49.95714;42.90778;129.42441;428.2799;123.7201;552.0;1104.0;12.07639;44.35118;27.73681;84.16438;5.834440000000001;6.90698;11.87789;2.37574;21.16061;4695.1211;10471.887;5776.7653;20943.7734;5.64389;3.5906;4.5869;13.82139;192.0664;24000.0;1300.0;844.6437;674.7403;169.9034;1689.2874;42.44153;69.87377;16.58437;128.89967;41.72462;41.72462;30.80348;1341.069;957.7809;1116.89;3415.7399000000005;91.0;89.0;84.0;88.34499;218.08636;6.16568;6.16568;109.0;42.2;48.8;31.0;122.0;116.0;40.5;46.3;33.4;120.2;31.0;38.5;45.0;114.5;7.2;10.7;12.9;30.8;172.79;518.22;7.2;12.8;10.7;30.7;185.796;557.366;41.5;20.0;33.7;95.2;185.796;557.366;123.97;371.93;12.606;37.806;49.2;147.7;33.0;41.2;19.3;93.5;232.0;232.0;41.6;48.6;29.7;119.9;126.0;284.0;284.0;5.20438;5.20438;172.79;518.22;34.2;102.6;127.0;148.1117
888;888;2007;Lesotho;Africa;108.0144;1983465.0;11.21125;11.21125;3144.0;6873.0;3729.0;13746.0;4381.0;2437.0;1944.0;8762.0;2457.0;2457.0;73.77653;66.23247;80.90992;220.91892;114.28206;105.86699;122.29633;342.44538;76.0;1230.0;61.2674;22.4297;191.7115;5724.604;6282.465;12007.07;24014.139;70.66193;48.64193;59.1404;178.44426;33.45994;47.40229;40.13338;120.99561;434.7524;118.2476;553.0;1106.0;11.5364;45.19584;27.83194;84.56418;5.69528;6.74006;11.61813;2.33808;20.69627;4273.9566;9357.132;5083.1755;18714.2641;4.52718;2.9125;3.69421;11.13389;136.5799;24000.0;1500.0;916.047;730.8336;185.2134;1832.094;46.10373;75.97575;18.06967;140.14915000000002;41.09626;41.09626;31.68452;1245.143;865.837;1023.739;3134.719;88.0;87.0;81.0;76.68481;216.18633;6.44699;6.44699;109.0;40.1;46.7;29.3;116.1;116.0;40.1;45.6;33.3;119.0;31.2;38.3;44.3;113.8;6.3;9.5;11.5;27.3;180.175;540.2550000000001;6.3;11.5;9.5;27.3;193.551;580.3509999999999;38.9;18.3;31.4;88.6;193.551;580.3509999999999;129.639;389.279;13.076;39.246;49.8;149.5;30.7;38.6;17.7;87.0;252.0;252.0;39.6;46.4;28.3;114.3;126.0;299.0;299.0;5.46603;5.46603;180.175;540.2550000000001;34.8;104.4;126.0;108.0144
890;890;2014;Lesotho;Africa;195.2249;2095242.0;9.73016;9.73016;2442.0;5383.0;2941.0;10766.0;4085.0;2266.0;1819.0;8170.0;2531.0;2531.0;71.90162;64.76077;78.72506;215.38745;94.24524;86.51168;101.66407;282.42099;54.0;853.0;116.1953;46.3431;357.7633;7943.411;9225.35;17168.76;34337.52099999999;76.73084;57.92527;66.62598;201.28209;42.92785;54.27689;48.13059;145.33533;465.0367;138.0061;603.0428;1206.0856;13.25707;46.39011;29.51104;89.15822;5.51;5.04129;8.60546;1.67886;15.32561;5757.276800000001;13038.302;7281.023700000001;26076.6025;7.2981;4.84191;6.04683;18.18684;279.96680000000003;17000.0;1100.0;854.1828;679.066;175.1167;1708.3655;41.80105;67.74078;16.82197;126.3638;44.09503;44.09503;29.00441;1501.039;1145.667;1292.073;3938.779;88.0;88.0;92.0;116.67007;222.89386;5.45997;5.45997;109.0;48.0;55.1;35.8;138.89999999999998;116.0;40.5;46.8;32.8;120.1;29.4;37.6;45.0;112.0;10.1;14.2;16.6;40.9;162.64800000000002;487.688;10.0;16.6;14.1;40.7;175.106;525.006;46.9;24.5;39.1;110.5;175.106;525.006;121.077;363.117;12.058;36.218;49.7;149.2;37.7;46.3;23.1;107.1;207.0;207.0;46.9;54.8;33.6;135.29999999999998;127.0;245.0;245.0;4.61745;4.61745;162.64800000000002;487.688;33.4;100.3;128.0;195.2249
891;891;2017;Lesotho;Africa;163.9502;2170617.0;9.07052;9.07052;2318.0;5138.0;2820.0;10276.0;4114.0;2282.0;1832.0;8228.0;2570.0;2570.0;73.13414;65.8265;80.02531;218.98595;90.96767;82.94392;98.45542;272.36701;46.0;681.0;96.2889;35.8498;296.0889;7720.152;8557.397;16277.55;32555.099;75.0114;56.64045;65.35346;197.00531;38.54333;51.00883;44.18437;133.73653000000002;694.0685;196.4166;890.4851;1780.9701999999995;18.50595;67.37469;42.57573;128.45637;5.859999999999999;4.97182;8.45966;1.63939;15.07087;5591.1386;12336.489;6745.3503;24672.9779;6.44476;4.17827;5.2946;15.91763;236.3871;14000.0;970.0;948.8083;753.8599;194.9484;1897.6166;45.36427;73.17877;18.36762;136.91066;45.2471;45.2471;28.37379;1394.574;1024.975;1176.695;3596.244;87.0;87.0;90.0;133.12169999999998;225.83153;5.03596;5.03596;109.0;51.3;58.6;38.8;148.7;116.0;40.3;46.8;32.4;119.5;28.7;37.1;44.9;110.7;12.2;16.5;19.0;47.7;163.97400000000002;491.884;12.0;18.9;16.3;47.2;176.23700000000002;528.8870000000001;49.5;27.4;41.8;118.7;176.23700000000002;528.8870000000001;126.727;380.427;11.862;35.622;50.5;151.5;40.1;48.8;25.7;114.6;189.0;189.0;50.1;58.3;36.3;144.7;127.0;222.0;222.0;4.30408;4.30408;163.97400000000002;491.884;33.3;99.9;128.0;163.9502
893;893;2016;Lesotho;Africa;180.1055;2143872.0;9.29526;9.29526;2340.0;5185.0;2845.0;10370.0;4116.0;2284.0;1832.0;8232.0;2572.0;2572.0;72.88469;65.59717;79.85484;218.3367;91.45135;83.44628;99.04227;273.9399;47.0;721.0;107.1207;41.9382;329.1644;7944.819;9029.813;16974.63;33949.262;76.15486;57.97816;66.48559;200.61861;41.07804;52.69146;46.33766;140.10716;495.0937;143.6043;638.698;1277.396;13.62604;48.48417;30.78002;92.89023;5.9;4.95819;8.44201;1.63864;15.03884;5738.2085;12844.509999999998;7106.301100000001;25689.0196;6.94552;4.57735;5.74275;17.26562;262.6263;15000.0;970.0;941.5688;749.1557;192.4131;1883.1376;45.37592;73.36428;18.25732;136.99752;45.08873;45.08873;28.62425;1451.406;1094.527;1240.627;3786.56;87.0;87.0;90.0;127.6823;224.84495;5.18856;5.18856;109.0;50.2;57.5;37.8;145.5;116.0;40.4;46.8;32.5;119.7;28.9;37.2;45.0;111.1;11.5;15.7;18.2;45.4;162.84;488.61;11.3;18.1;15.6;45.0;175.175;525.7850000000001;48.7;26.4;40.9;116.0;175.175;525.7850000000001;124.921;374.821;11.935;35.765;50.3;150.89999999999998;39.4;48.0;24.8;112.2;196.0;196.0;49.0;57.2;35.4;141.6;127.0;228.0;228.0;4.40098;4.40098;162.84;488.61;33.3;100.0;128.0;180.1055
894;894;2015;Lesotho;Africa;191.537;2118521.0;9.51394;9.51394;2442.0;5387.0;2945.0;10774.0;4113.0;2282.0;1831.0;8226.0;2558.0;2558.0;72.59559;65.36776;79.50399;217.46734;94.61162;86.74218;102.06188;283.41568;52.0;780.0;114.4881;45.897;351.9221;8024.958;9278.914;17303.87;34607.742;77.14781;58.71174;67.26177;203.12132000000005;42.75567;53.97073;47.85299;144.57939;479.1578;141.6038;620.7616;1241.5232;13.52366;47.35093;30.14853;91.02312;6.14;5.06287;8.62936;1.67849;15.37072;5807.926299999999;13125.668;7317.7423;26251.3366;7.18172;4.80042;5.97075;17.95289;279.051;16000.0;1100.0;933.6349;741.6023;192.0325;1867.2697;45.34385;73.286;18.33978;136.96963;44.69212;44.69212;28.84927;1491.09;1140.914;1284.276;3916.28;83.0;85.0;93.0;122.19844;223.86585;5.32486;5.32486;109.0;49.1;56.3;36.8;142.2;116.0;40.5;46.8;32.7;120.0;29.1;37.4;45.1;111.6;10.8;14.9;17.4;43.1;162.394;486.884;10.6;17.3;14.8;42.7;174.796;524.226;47.8;25.5;40.0;113.3;174.796;524.226;122.641;368.271;12.002;36.012;50.3;150.89999999999998;38.6;47.2;24.0;109.8;202.0;202.0;48.0;56.0;34.5;138.5;127.0;235.0;235.0;4.50566;4.50566;162.394;486.884;33.4;100.20000000000002;128.0;191.537
895;895;2008;Lesotho;Africa;133.8381;1995014.0;10.98993;10.98993;3070.0;6724.0;3654.0;13448.0;4526.0;2513.0;2013.0;9052.0;2449.0;2449.0;77.05569;69.32422;84.39117;230.77108;113.03277;104.51796;121.2443;338.79503;70.0;1240.0;77.7903;30.7438;242.3722;6153.087;7066.118;13219.21;26438.415;72.48984;51.87693;61.47153;185.8383;36.62042;49.1118;42.53475;128.26697;426.5688;122.4312;549.0;1098.0;11.95462;44.29596;27.62778;83.87836;5.816190000000001;6.89755;11.87491;2.38408;21.15654;4544.2172;10198.967;5654.750599999999;20397.934800000003;5.2511;3.52778;4.36293;13.14181;175.32049999999998;25000.0;1400.0;868.4031;692.0482;176.3548;1736.8061;43.70137;71.86401;17.21992;132.7853;41.39835;41.39835;31.22226;1308.829;955.2012;1101.555;3365.5851999999995;88.0;86.0;80.0;82.53832;217.13221;6.30485;6.30485;109.0;41.1;47.7;30.1;118.9;116.0;40.3;46.0;33.3;119.6;31.1;38.4;44.7;114.2;6.8;10.1;12.2;29.1;176.185;528.5250000000001;6.8;12.1;10.1;29.0;189.304;568.194;40.2;19.1;32.6;91.9;189.304;568.194;127.748;383.538;12.819;38.439;49.9;149.70000000000002;31.9;39.9;18.5;90.3;241.0;241.0;40.6;47.5;29.0;117.1;126.0;291.0;291.0;5.33521;5.33521;176.185;528.5250000000001;34.5;103.5;127.0;133.8381
896;896;2013;Lesotho;Africa;188.2344;2073939.0;9.93416;9.93416;2401.0;5300.0;2899.0;10600.0;4043.0;2244.0;1799.0;8086.0;2502.0;2502.0;70.96066;63.81349;77.73122;212.50537000000003;92.55065;84.79723;99.92193;277.26981;58.0;948.0;111.4236;44.2315;343.8895;7593.325;8916.567;16509.89;33019.782;76.00607;56.66385;65.55983;198.22975;42.05753;53.40426;47.28252;142.74430999999998;449.8379;134.3498;584.1877;1168.3754;12.97244;45.30674;28.7986;87.07777999999999;5.109999999999999;5.022;8.58935;1.68225;15.2936;5516.8439;12567.515;7050.670999999999;25135.0299;7.0117;4.66058;5.81134;17.483620000000002;265.0759;19000.0;1200.0;799.6254;636.6598;162.9656;1599.2508;39.419;64.12305;15.7355;119.27755;43.47992;43.47992;29.19957;1469.204;1119.46;1263.736;3852.4;93.0;90.0;90.0;111.09725;221.92942;5.60099;5.60099;109.0;46.8;53.8;34.8;135.39999999999998;116.0;40.6;46.8;33.0;120.4;29.7;37.8;45.0;112.5;9.5;13.4;15.8;38.7;163.164;489.884;9.4;15.8;13.4;38.6;175.772;527.462;45.9;23.6;38.1;107.6;175.772;527.462;120.453;361.973;12.108;36.318;49.3;147.89999999999998;36.8;45.4;22.3;104.5;209.0;209.0;45.8;53.5;32.8;132.1;127.0;255.0;255.0;4.7279;4.7279;163.164;489.884;33.5;100.4;128.0;188.2344
897;897;2018;Lesotho;Africa;158.3508;2198017.0;8.84915;8.84915;2301.0;5092.0;2791.0;10184.0;4033.0;2236.0;1797.0;8066.0;2545.0;2545.0;72.07627;64.8508;78.73797;215.66504000000003;90.5812;82.71936;97.91021;271.21077;50.0;659.0;93.0725;34.6008;286.0241;7742.75;8481.58;16224.33;32448.66;74.63479;56.88748;65.35704;196.87931;37.75525;50.3643;43.42498;131.54452999999998;521.2826;145.6919;666.9744;1333.9489;13.62526;50.1692;31.63525;95.42971;6.8;5.08471;8.64782;1.67319;15.40572;5607.0996;12281.28;6674.18;24562.5596;6.4483;4.25562;5.33624;16.04016;231.05611;14000.0;1100.0;917.22;727.9847;189.2353;1834.44;43.50463;70.06259;17.69748;131.2647;45.06983;45.06983;28.18944;1374.792;1005.98;1156.96;3537.732;87.0;87.0;90.0;138.51650999999998;226.82737;4.8962;4.8962;109.0;52.4;59.7;39.8;151.89999999999998;116.0;40.2;46.8;32.2;119.2;28.5;36.9;44.8;110.2;13.0;17.4;19.9;50.3;166.926;500.976;12.8;19.8;17.2;49.8;179.136;537.816;50.3;28.4;42.7;121.4;179.136;537.816;128.012;384.002;11.811;35.431;50.7;152.10000000000002;41.0;49.5;26.5;117.0;182.0;182.0;51.1;59.4;37.2;147.7;127.0;217.0;217.0;4.20607;4.20607;166.926;500.976;33.3;99.9;128.0;158.3508
899;899;2011;Lesotho;Africa;156.9247;2037677.0;10.35275;10.35275;2461.0;5423.0;2962.0;10846.0;3961.0;2203.0;1758.0;7922.0;2457.0;2457.0;69.02696;61.93298;75.70126;206.6612;93.87667;86.146;101.14597;281.16864;64.0;1120.0;91.0699;34.8901;282.8847;6679.419;7824.968;14504.39;29008.777;74.29982;53.18091;62.90639;190.38712;38.07226;50.63716;43.92683;132.63625;425.7187;124.2813;550.0;1100.0;12.09148;43.62091;27.44794;83.16033;4.76;5.76426;9.89236;1.9571;17.61372;4901.652;11133.073;6231.421;22266.146;5.95777;3.95635;4.93114;14.84526;210.7201;22000.0;1300.0;813.3559;649.6797;163.6761;1626.7117;40.59081;66.56889;15.92425;123.08395;42.41463;42.41463;29.86678;1366.114;1005.345;1153.469;3524.928;96.0;95.0;92.0;99.81814;220.02178;5.88239;5.88239;109.0;44.4;51.3;32.8;128.5;116.0;40.6;46.6;33.2;120.4;30.4;38.3;45.2;113.9;8.3;12.0;14.3;34.6;167.509;502.529;8.2;14.2;12.0;34.4;180.119;540.139;43.8;21.8;36.0;101.6;180.119;540.139;120.774;362.604;12.311;36.921;48.7;146.10000000000002;35.0;43.4;20.8;99.2;217.0;217.0;43.7;51.0;31.3;126.0;127.0;270.0;270.0;4.96408;4.96408;167.509;502.529;33.8;101.4;128.0;156.9247
1180;1180;2006;Eswatini;Africa;104.1565;1077735.0;14.22302;14.22302;1663.0;3551.0;1888.0;7102.0;1931.0;1071.0;860.0;3862.0;757.0;757.0;58.8283;52.91209;64.41596;176.15634999999995;108.95527;103.20984;114.31206;326.47717;81.0;1460.0;64.9321;33.1257;202.2143;3106.752;3146.424;6253.176;12506.352;77.12438;67.41625;72.23952;216.78015;40.31682;53.98585;46.82757;141.13024;230.1021;65.80335;295.9054;591.81085;12.06075;46.91212;28.55968;87.53255;12.5272;7.5338;13.15334;2.84776;23.5349;2243.5582;4632.2249;2388.6672;9264.4503;5.40423;4.72363;5.04583;15.17369;143.89690000000002;15000.0;840.0;223.0961;181.0029;42.09316;446.19216;21.5324;36.90202;7.71504;66.14946;22.78057;22.78057;14.58332;1506.386;1080.099;1257.001;3843.486;87.0;88.0;93.0;165.10217;198.18863;10.38428;10.38428;111.0;34.4;40.8;25.2;100.4;116.0;44.3;47.8;40.0;132.1;37.4;41.1;44.3;122.8;4.0;6.1;7.6;17.7;109.22899999999998;327.799;3.8;7.6;6.0;17.4;116.42;349.28;27.5;15.9;22.8;66.2;116.42;349.28;66.298;198.948;6.99;20.97;45.4;136.2;21.5;26.4;14.4;62.3;93.0;93.0;33.1;39.9;23.4;96.4;126.0;288.0;288.0;3.29922;3.29922;109.22899999999998;327.799;33.7;101.1;126.0;104.1565
1181;1181;2004;Eswatini;Africa;91.9863;1065764.0;13.82595;13.82595;1813.0;3881.0;2068.0;7762.0;2242.0;1241.0;1001.0;4484.0;786.0;786.0;69.1205;62.34588;75.50506;206.97144000000003;119.71439;113.12348;125.94027;358.77814;79.0;1320.0;57.9217;30.6527;180.5607;2959.864;2900.213;5860.076;11720.153;76.26553;68.62743;72.48535;217.37831;39.02693;53.15976;45.69696;137.88365;240.5156;71.56848;312.084;624.16808;13.31232;49.2178;30.40904;92.93916;11.51686;6.46136;11.21804;2.43511;20.11451;2139.5464;4332.3974;2192.8507;8664.7945;5.30182;4.66616;4.96883;14.93681;128.7754;14000.0;810.0;225.5027;180.715;44.78762;451.00532;21.97267;36.98054;8.33086;67.28407;23.86068;23.86068;14.96287;1476.643;1047.094;1225.529;3749.266;86.0;88.0;93.0;162.58289;193.45408;9.8053;9.8053;110.0;32.9;39.2;23.8;95.9;116.0;43.7;46.9;39.6;130.2;37.0;40.6;43.5;121.1;3.5;5.4;6.7;15.6;109.758;329.36800000000005;3.3;6.8;5.3;15.4;116.967;350.977;25.1;14.3;20.8;60.2;116.967;350.977;65.973;197.913;7.01;21.03;46.0;138.0;19.6;24.1;13.1;56.8;102.0;102.0;31.7;38.3;22.2;92.2;125.0;279.0;279.0;3.56679;3.56679;109.758;329.36800000000005;34.1;102.3;126.0;91.9863
1182;1182;2012;Eswatini;Africa;116.2392;1111444.0;14.92393;14.92393;943.0;2085.0;1142.0;4170.0;1588.0;883.0;705.0;3176.0;710.0;710.0;50.59124;45.45372;55.59335;151.63831;65.98904;60.40121;71.3842;197.77445;54.0;1110.0;66.2601;23.689;206.1883;3336.023;2994.48;6330.503;12661.006;76.97251;58.83493;68.393;204.20044;33.88319;52.69653;43.37955;129.95927;258.6512;70.34882;329.0;658.00002;12.40926;50.48044;30.48314;93.37284;12.98;7.91545;13.75562;2.98838;24.65945;2380.3309;4666.2701;2285.9391;9332.540099999998;5.53278;3.76502;4.60424;13.90204;145.6062;12000.0;590.0;230.5537;185.1319;45.42183;461.10743;21.36171;36.13182;8.01223;65.50576;22.59297;22.59297;14.19166;1481.566;910.053;1153.438;3545.057;95.0;92.0;88.0;173.46493999999998;212.72502;11.88684;11.88684;112.0;41.1;48.7;30.3;120.1;116.0;44.4;48.6;39.6;132.6;36.5;40.6;43.9;121.0;5.9;8.6;10.6;25.1;111.017;333.077;5.4;10.3;8.3;24.0;117.643;352.943;33.9;20.7;28.6;83.2;117.643;352.943;64.56;193.69;6.427;19.287;42.3;126.9;26.6;32.2;18.5;77.30000000000001;63.0;63.0;39.3;47.3;27.9;114.5;126.0;339.0;339.0;2.32227;2.32227;111.017;333.077;32.8;98.4;127.0;116.2392
1183;1183;2010;Eswatini;Africa;119.0924;1099920.0;14.75328;14.75328;1284.0;2772.0;1488.0;5544.0;1765.0;980.0;785.0;3530.0;725.0;725.0;54.7447;49.19651;59.97283;163.91404;85.46633;79.98537;90.56619;256.01789;56.0;1590.0;70.4886;29.0533;218.6343;3382.585;3143.583;6526.168;13052.336;78.53722;62.63221;70.87595;212.04538;36.9156;54.61301;45.79778;137.32639;251.0679;69.17069;320.2386;640.4771900000001;12.29362;49.99501;30.07384;92.36247;12.98;7.54143;13.21585;2.85025;23.60753;2422.1284;4809.285199999999;2387.1565;9618.570100000004;5.77286;4.33144;5.01122;15.115519999999998;154.20049999999998;17000.0;600.0;255.5897;206.7117;48.87804;511.17944;24.00262;41.16238;8.68704;73.85203999999999;22.41439;22.41439;14.34943;1541.134;992.8603;1225.672;3759.6663;89.0;89.0;94.0;170.58768;207.92109;11.45142;11.45142;111.0;38.5;45.7;28.4;112.6;116.0;44.6;48.6;40.0;133.2;37.2;41.1;44.4;122.7;5.2;7.7;9.5;22.4;111.789;335.419;4.8;9.4;7.5;21.7;118.685;356.065;31.9;19.1;26.6;77.6;118.685;356.065;67.025;201.065;6.697;20.097;44.1;132.3;24.9;30.5;17.1;72.5;72.0;72.0;36.9;44.5;26.3;107.7;126.0;320.0;320.0;2.63367;2.63367;111.789;335.419;33.2;99.6;127.0;119.0924
1185;1185;2005;Eswatini;Africa;95.5261;1071886.0;14.03465;14.03465;1820.0;3889.0;2069.0;7778.0;2232.0;1235.0;997.0;4464.0;770.0;770.0;68.3405;61.71708;74.6566;204.71418;119.36093;113.01182;125.43224;357.80499;82.0;1420.0;60.092;31.6953;187.3134;3012.498;3039.426;6051.924;12103.848;77.00379;67.99608;72.4799;217.47977;40.12392;53.51765;46.46963;140.1112;237.0351;71.36058;308.3957;616.79138;13.18211;48.45055;29.92462;91.55728;10.10001;7.01857;12.22373;2.64956;21.89186;2178.0029;4489.2293;2311.2265;8978.458700000001;5.39292;4.7663;5.06377;15.22299;133.3859;15000.0;840.0;229.5708;184.5037;45.06715;459.14165;22.27599;37.713;8.32505;68.31404;23.25958;23.25958;14.73457;1487.24;1073.606;1244.995;3805.841;86.0;88.0;93.0;163.82547;195.82793;10.08628;10.08628;110.0;33.7;39.9;24.5;98.1;116.0;44.0;47.4;39.8;131.2;37.2;40.9;43.9;122.0;3.7;5.7;7.2;16.6;109.305;327.945;3.5;7.2;5.7;16.4;116.508;349.538;26.3;15.1;21.8;63.2;116.508;349.538;66.452;199.492;7.003;21.013;46.2;138.6;20.5;25.3;13.7;59.5;99.0;99.0;32.4;39.0;22.8;94.2;126.0;282.0;282.0;3.44114;3.44114;109.305;327.945;33.9;101.6;126.0;95.5261
1186;1186;2009;Eswatini;Africa;125.1059;1094886.0;14.63432;14.63432;1461.0;3139.0;1678.0;6278.0;1886.0;1046.0;840.0;3772.0;731.0;731.0;57.89653;52.11514;63.38804;173.39971;95.97973;90.28142;101.3103;287.57145;52.0;1590.0;75.148;33.0812;233.3351;3462.222;3288.281;6750.503;13501.006;78.51911;64.80106;71.83682;215.15699;38.84687;55.85469;47.28116;141.98272;245.9473;67.63395;313.5813;627.16255;12.09414;49.36392;29.65414;91.1122;11.29894;7.30099;12.80662;2.75984;22.86745;2477.1868;4960.5755;2483.3885;9921.1508;6.14022;4.77023;5.41572;16.326169999999998;165.8396;17000.0;550.0;254.4784;206.6998;47.77856;508.95676;24.06501;41.48657;8.54365;74.09523;22.31365;22.31365;14.35484;1586.244;1049.137;1275.995;3911.3759999999993;88.0;89.0;94.0;169.17820999999998;205.48183;11.1669;11.1669;111.0;37.4;44.3;27.5;109.2;116.0;44.7;48.5;40.2;133.4;37.3;41.3;44.6;123.2;4.9;7.3;9.0;21.200000000000003;111.662;335.15200000000004;4.5;8.9;7.1;20.5;118.692;356.152;30.8;18.3;25.7;74.8;118.692;356.152;68.445;205.435;6.83;20.49;45.3;136.0;24.1;29.5;16.4;70.0;77.0;77.0;35.9;43.2;25.5;104.6;126.0;311.0;311.0;2.81452;2.81452;111.662;335.15200000000004;33.4;100.29999999999998;126.0;125.1059
1188;1188;2007;Eswatini;Africa;122.0613;1084008.0;14.36267;14.36267;1588.0;3401.0;1813.0;6802.0;1951.0;1082.0;869.0;3902.0;746.0;746.0;59.27116;53.37083;64.91537;177.55736;103.8436;98.0979;109.32018;311.26168;53.0;1430.0;74.1168;34.6963;230.8744;3355.701;3274.143;6629.844;13259.688000000002;78.16335;66.95883;72.63001;217.75219;40.50164;55.69498;47.86057;144.05719000000002;233.6334;66.4864;300.1198;600.2396;12.08248;47.44981;28.7843;88.31659;12.68794;7.87347;13.77183;2.97578;24.62108;2401.6543;4876.1042;2474.45;9752.208500000002;6.11499;4.87526;5.46071;16.45096;164.4465;15000.0;550.0;235.1178;191.0382;44.07963;470.23563;22.55;38.79893;8.01053;69.35946;22.44684;22.44684;14.46672;1578.74;1090.779;1295.328;3964.847;87.0;88.0;94.0;166.41766;200.55515;10.63489;10.63489;111.0;35.3;41.8;25.9;103.0;116.0;44.5;48.1;40.2;132.8;37.4;41.3;44.5;123.2;4.3;6.5;8.1;18.9;109.616;328.746;4.0;8.1;6.4;18.5;116.777;350.487;28.6;16.6;23.8;69.0;116.777;350.487;67.004;201.054;6.961;20.881;45.2;135.70000000000002;22.4;27.5;15.1;65.0;88.0;88.0;33.9;40.8;24.0;98.7;126.0;294.0;294.0;3.15473;3.15473;109.616;328.746;33.6;100.7;126.0;122.0613
1189;1189;2003;Eswatini;Africa;87.8577;1058797.0;13.61537;13.61537;1797.0;3849.0;2052.0;7698.0;2251.0;1246.0;1005.0;4502.0;800.0;800.0;69.84925;63.00125;76.36296;209.21346;119.24932;112.55583;125.55413;357.35928;78.0;1270.0;55.4272;29.4756;172.76049999999998;2868.001;2747.175;5615.176;11230.352;75.74649;69.27318;72.57948;217.59915;37.64019;52.18219;44.48074;134.30311999999998;237.6619;69.68296;307.3449;614.68976;13.04431;48.64201;30.04948;91.7358;11.24978;6.49571;11.24135;2.44467;20.18173;2067.2412000000004;4128.7333;2061.4921;8257.4666;5.21956;4.62767;4.91042;14.757650000000002;122.9718;13000.0;800.0;222.1544;177.6683;44.48613;444.30883;21.72031;36.36318;8.32759;66.41108;24.46448;24.46448;15.19668;1448.115;1015.176;1195.864;3659.155;85.0;87.0;93.0;161.37473;191.06798;9.51102;9.51102;110.0;32.3;38.5;23.2;94.0;116.0;43.3;46.5;39.3;129.1;36.9;40.2;43.0;120.1;3.2;5.0;6.3;14.5;110.589;331.769;3.1;6.4;5.0;14.5;117.796;353.386;24.0;13.6;19.8;57.4;117.796;353.386;65.82;197.47;7.008;21.028;45.9;137.7;18.7;23.0;12.4;54.1;104.0;104.0;31.1;37.6;21.7;90.4;125.0;275.0;275.0;3.68165;3.68165;110.589;331.769;34.3;102.9;126.0;87.8577
1190;1190;2014;Eswatini;Africa;99.0033;1125865.0;14.77414;14.77414;869.0;1926.0;1057.0;3852.0;1535.0;854.0;681.0;3070.0;688.0;688.0;50.09356;44.94635;54.93544;149.97535;62.37276;56.84735;67.56416;186.78427;44.0;855.0;54.6256;16.4493;170.07819999999998;3102.572;2740.567;5843.139;11686.278;74.89628;53.43922;64.83242;193.16792;30.26668;49.02135;39.75653;119.04456;268.8631;72.13688;341.0;681.99998;12.65972;51.19174;31.14093;94.99239;14.56;8.44595;14.48952;3.18847;26.12394;2215.2606;4337.914;2122.6534;8675.828000000001;4.85772;3.11276;3.9497;11.92018;119.90779999999998;9400.0;480.0;219.5804;175.195;44.38543;439.16083;20.0526;33.35726;7.78946;61.19932;22.35539;22.35539;13.92461;1364.677;813.957;1047.767;3226.401;98.0;98.0;97.0;176.42802999999998;217.43939;12.00017;12.00017;111.0;43.7;51.7;32.2;127.6;117.0;43.9;48.3;39.0;131.2;35.7;39.8;43.2;118.7;6.7;9.6;11.7;28.0;111.247;333.897;6.0;11.3;9.2;26.5;117.673;353.053;35.8;22.4;30.3;88.5;117.673;353.053;62.904;188.714;6.226;18.686;42.8;128.39999999999998;28.0;33.7;19.9;81.6;56.0;56.0;41.7;50.1;29.5;121.3;126.0;355.0;355.0;2.05842;2.05842;111.247;333.897;32.5;97.5;127.0;99.0033
1191;1191;2017;Eswatini;Africa;83.6115;1151390.0;14.07108;14.07108;789.0;1748.0;959.0;3496.0;1306.0;729.0;577.0;2612.0;647.0;647.0;43.46632;38.84013;47.82014;130.12659000000002;57.87118;52.73965;62.61442;173.22525;30.0;502.0;42.9086;7.03;133.5501;3017.589;2370.337;5387.926;10775.852;72.54674;43.88327;59.93668;176.36669;25.21492;46.04547;36.04882;107.30921;291.0416;75.47543;366.5171;733.03413;13.06866;53.17985;32.58485;98.83336;15.3;8.76653;14.81248;3.27415;26.85316;2171.6473;4071.3936;1899.7458;8142.7867;4.40025;2.315;3.32958;10.04483;92.7364;5600.0;330.0;209.6496;166.8316;42.81802;419.29922;18.6387;30.48388;7.41399;56.53657;21.4569;21.4569;13.52728;1271.944;683.9097;938.6309;2894.4846;90.0;90.0;89.0;181.03345;224.6977;11.5849;11.5849;111.0;47.5;56.1;35.3;138.89999999999998;116.0;43.1;47.7;38.0;128.8;34.6;38.7;42.2;115.5;8.0;11.2;13.5;32.7;114.602;343.962;7.2;12.9;10.6;30.7;120.86;362.63;38.3;25.1;32.8;96.2;120.86;362.63;62.615;187.835;6.058;18.178;44.2;132.60000000000002;30.0;35.6;22.0;87.6;50.0;50.0;45.2;54.1;32.2;131.5;126.0;347.0;347.0;1.76135;1.76135;114.602;343.962;32.2;96.6;127.0;83.6115
1192;1192;2002;Eswatini;Africa;81.0591;1050809.0;13.37073;13.37073;1766.0;3789.0;2023.0;7578.0;2230.0;1236.0;994.0;4460.0;810.0;810.0;69.5696;62.65207;76.13811;208.35978;117.74369;110.97386;124.1515;352.86905;70.0;1110.0;51.1361;27.2359;159.4311;2694.254;2554.235;5248.489;10496.978;75.03486;69.44669;72.31532;216.79687;36.09749;50.25107;42.70907;129.05763;233.103;68.14329;301.2463;602.4925900000001;12.83857;47.73923;29.56137;90.13917;11.01099;7.31244;12.60298;2.75686;22.67228;1939.0407;3855.6766;1916.6363;7711.3536;4.98609;4.45128;4.70753;14.1449;112.8007;11000.0;710.0;222.238;177.4943;44.74363;444.47593;21.80826;36.35064;8.42995;66.58885000000001;24.9442;24.9442;15.44804;1388.427;973.8626;1147.534;3509.8236;85.0;87.0;93.0;160.20047;188.66839;9.21895;9.21895;110.0;31.7;38.0;22.6;92.3;116.0;42.9;46.0;39.0;127.9;36.7;39.9;42.4;119.0;3.0;4.7;5.9;13.6;111.595;334.845;2.9;6.0;4.7;13.6;118.698;356.058;22.9;12.9;18.8;54.6;118.698;356.058;65.85;197.63;7.004;21.014;45.7;137.2;17.8;21.9;11.8;51.5;107.0;107.0;30.6;37.1;21.2;88.9;125.0;270.0;270.0;3.81414;3.81414;111.595;334.845;34.5;103.5;126.0;81.0591
1193;1193;2016;Eswatini;Africa;88.774;1142524.0;14.34061;14.34061;760.0;1688.0;928.0;3376.0;1288.0;719.0;569.0;2576.0;662.0;662.0;42.64311;38.04849;46.94702;127.63862;55.59037;50.56734;60.24565;166.40336000000002;31.0;537.0;46.244;9.06;144.078;3028.917;2461.268;5490.185;10980.37;73.43298;46.61731;61.41143;181.46172;26.69853;46.9628;37.14206;110.80339;287.1168;73.88321;361.0;722.00001;12.86274;53.20948;32.40592;98.47814;15.28;8.69402;14.7514;3.26408;26.7095;2173.336;4130.5587;1957.2238;8261.1185;4.63901;2.59028;3.58264;10.81193;100.2184;6000.0;340.0;211.3183;168.8878;42.43047;422.63657;18.96943;31.29887;7.38696;57.65526;21.81618;21.81618;13.665;1300.904;719.5769;969.333;2989.8139;90.0;90.0;89.0;179.47767;222.09506;11.78742;11.78742;112.0;46.3;54.7;34.3;135.3;116.0;43.4;47.9;38.3;129.6;34.9;39.1;42.5;116.5;7.5;10.6;12.9;31.0;113.014;339.144;6.8;12.4;10.1;29.3;119.319;357.96900000000005;37.5;24.2;32.0;93.7;119.319;357.96900000000005;60.662;182.032;6.105;18.325000000000003;42.6;127.79999999999998;29.4;35.0;21.3;85.7;51.0;51.0;44.0;52.8;31.3;128.1;126.0;355.0;355.0;1.84327;1.84327;113.014;339.144;32.3;96.9;127.0;88.774
1194;1194;2015;Eswatini;Africa;92.265;1133936.0;14.58211;14.58211;785.0;1748.0;963.0;3496.0;1372.0;765.0;607.0;2744.0;675.0;675.0;45.15118;40.36234;49.63181;135.14533;57.16401;51.93628;62.09084;171.19113;35.0;648.0;49.1945;11.8854;153.3449;3002.678;2548.106;5550.784;11101.568;74.28226;49.42369;62.87085;186.5768;28.01621;47.5663;37.99179;113.5743;275.8278;72.17224;348.0;696.00004;12.62176;51.82492;31.52065;95.96733;14.98;8.55281;14.58486;3.22272;26.36039;2149.384;4155.4548;2006.0708;8310.909599999999;4.7285;2.81425;3.73706;11.27981;107.1046;7200.0;380.0;214.4541;171.6026;42.85156;428.90826;19.42453;32.24218;7.49405;59.16076;22.1217;22.1217;13.82466;1320.518;754.6777;995.3467;3070.5424000000003;90.0;84.0;89.0;177.94236;219.77354;11.93764;11.93764;112.0;45.0;53.2;33.2;131.4;117.0;43.7;48.1;38.7;130.5;35.3;39.4;42.9;117.6;7.1;10.1;12.3;29.5;111.741;335.261;6.4;11.8;9.6;27.8;118.1;354.34;36.6;23.3;31.2;91.1;118.1;354.34;60.848;182.568;6.159;18.479;41.9;125.79999999999998;28.7;34.4;20.5;83.6;53.0;53.0;42.9;51.5;30.4;124.8;126.0;358.0;358.0;1.93591;1.93591;111.741;335.261;32.4;97.1;127.0;92.265
1195;1195;2008;Eswatini;Africa;125.4304;1089870.0;14.49594;14.49594;1559.0;3346.0;1787.0;6692.0;2006.0;1112.0;894.0;4012.0;737.0;737.0;61.11988;55.09697;66.83878;183.05563;101.90499;96.03627;107.42824;305.3695;43.0;1390.0;75.816;34.5705;235.8169;3443.101;3312.042;6755.142;13510.285;78.30996;66.06945;72.30845;216.68786;39.8568;56.14322;47.84276;143.84278;237.7658;66.2342;304.0;608.0;11.93443;48.03699;28.95382;88.92524;11.28281;7.57196;13.26815;2.86169;23.7018;2463.1711;4961.0738;2497.904;9922.1489;6.19058;4.86398;5.48936;16.54392;167.92739999999998;15000.0;450.0;255.4937;207.8032;47.69049;510.98739;24.33394;41.9835;8.59313;74.91057;22.30236;22.30236;14.42381;1596.852;1076.952;1295.327;3969.131;88.0;89.0;94.0;167.78813;203.02653;10.90258;10.90258;110.0;36.3;43.0;26.7;106.0;116.0;44.7;48.4;40.2;133.3;37.4;41.4;44.6;123.4;4.5;6.9;8.5;19.9;111.071;333.201;4.2;8.5;6.7;19.4;118.198;354.608;29.7;17.4;24.8;71.9;118.198;354.608;68.432;205.232;6.927;20.787;45.6;136.79999999999998;23.3;28.5;15.7;67.5;83.0;83.0;34.9;41.9;24.7;101.5;126.0;302.0;302.0;2.99293;2.99293;111.071;333.201;33.6;100.7;126.0;125.4304
1196;1196;2013;Eswatini;Africa;110.0016;1118319.0;14.90503;14.90503;881.0;1951.0;1070.0;3902.0;1532.0;852.0;680.0;3064.0;700.0;700.0;49.46254;44.42058;54.35837;148.24149;62.53994;57.0726;67.73901;187.35155;51.0;1030.0;62.0203;20.9472;192.9691;3253.348;2915.637;6168.984;12337.969;76.07023;56.76325;66.94521;199.77869;32.53861;51.2476;41.99125;125.77746;263.115;70.88496;334.0;667.99996;12.47307;50.74161;30.73121;93.94589;14.72;8.06429;13.92455;3.04407;25.03291;2323.5205;4560.4613;2236.9421;9120.9239;5.23855;3.51245;4.33599;13.08699;136.45159999999998;11000.0;560.0;223.6754;179.1023;44.57312;447.35082;20.58029;34.53979;7.84318;62.963260000000005;22.54211;22.54211;14.04553;1433.868;873.4554;1111.989;3419.3124000000003;98.0;98.0;96.0;174.9355;215.09002;12.00814;12.00814;112.0;42.4;50.2;31.2;123.8;116.0;44.2;48.5;39.3;132.0;36.1;40.2;43.6;119.9;6.3;9.1;11.1;26.5;111.051;333.15099999999995;5.7;10.8;8.7;25.2;117.567;352.697;34.9;21.6;29.5;86.0;117.567;352.697;63.434;190.234;6.316;18.946;42.3;126.9;27.3;33.0;19.2;79.5;59.0;59.0;40.5;48.7;28.7;117.9;126.0;349.0;349.0;2.17784;2.17784;111.051;333.15099999999995;32.6;97.8;127.0;110.0016
1199;1199;2011;Eswatini;Africa;114.5175;1105371.0;14.85517;14.85517;1077.0;2352.0;1275.0;4704.0;1638.0;911.0;727.0;3276.0;719.0;719.0;51.4924;46.2434;56.57944;154.31524000000002;73.43267;67.96968;78.65266;220.05501;58.0;1300.0;65.9941;24.7883;205.2999;3306.514;2997.222;6303.737;12607.473000000002;77.43405;60.04806;69.16758;206.64969;34.66257;53.096;43.9298;131.68837000000002;260.0778;71.92216;332.0;663.9999600000001;12.72641;51.30874;30.96931;95.00446;13.78;7.58341;13.24943;2.86521;23.69805;2364.4482;4651.217299999999;2286.7679;9302.4334;5.44663;3.82865;4.59368;13.86896;144.1042;14000.0;620.0;244.2318;196.8579;47.37384;488.46354;22.7822;38.83657;8.38266;70.00143;22.53906;22.53906;14.24474;1492.353;930.3203;1168.905;3591.5783;91.0;85.0;87.0;172.01641999999998;210.34475;11.69456;11.69456;111.0;39.8;47.1;29.3;116.2;116.0;44.5;48.6;39.8;132.89999999999998;36.9;40.9;44.2;122.0;5.5;8.1;10.0;23.6;111.238;333.678;5.1;9.8;7.9;22.800000000000004;117.994;353.874;32.9;19.9;27.6;80.4;117.994;353.874;65.941;197.751;6.556;19.676;42.9;128.7;25.8;31.3;17.8;74.9;67.0;67.0;38.1;45.9;27.1;111.1;126.0;328.0;328.0;2.45984;2.45984;111.238;333.678;33.0;98.9;127.0;114.5175
1938;1938;2000;Lithuania;Europe;80.7083;3599637.0;2.95639;2.95639;163.0;375.0;212.0;750.0;291.0;164.0;127.0;582.0;151.0;151.0;8.56022;7.69741;9.38183;25.63946;10.72031;9.58602;11.79327;32.099599999999995;10.0;87.0;45.7516;15.3094;141.7693;15813.95;17150.21;32964.16;65928.32;51.18684;25.17204;37.65216;114.01104;15.48363;34.64513;24.20074;74.32950000000001;625.1417;172.8583;798.0;1596.0;9.2792;38.142;22.78801;70.20921;19.74917;15.35012;24.89467;7.32632;47.57111;14166.990999999998;30072.2634;15905.2717;60144.5261;8.50732;2.63022;5.38091;16.51845;154.62290000000002;3100.0;370.0;356.4234;255.6213;100.802;712.8467;10.17817;15.59632;5.41115;31.18564;4.54978;4.54978;4.54532;869.938;483.5644;635.7363;1989.2387;94.0;92.0;97.0;243.90142;261.77035;1.52383;1.52383;118.0;57.8;65.4;50.5;173.7;118.0;53.1;46.8;59.6;159.5;60.2;56.2;52.9;169.3;2.2;3.9;5.7;11.8;212.345;636.925;2.2;5.8;4.1;12.099999999999998;218.012;654.152;41.4;20.6;30.9;92.9;218.012;654.152;43.483;130.423;5.467;16.397;23.8;71.3;33.5;44.7;21.3;99.5;80.0;80.0;59.4;67.2;50.9;177.5;128.0;74.0;74.0;1.44783;1.44783;212.345;636.925;26.6;79.9;129.0;80.7083
2167;2167;2001;Russian Federation;Europe;85.4794;146235530.0;4.59559;4.59559;10207.0;24460.0;14253.0;48920.0;19695.0;11516.0;8179.0;39390.0;11622.0;11622.0;14.71962;12.60703;16.73115;44.0578;18.34359;15.78848;20.77846;54.91053;21.0;92.0;47.0948;13.1112;145.68540000000002;916429.1;983852.5;1900282.0;3800563.6;63.36267;29.61754;45.89146;138.87167;24.60063;51.50414;37.48063;113.5854;30626.5;11357.5;41984.0;83968.0;14.62384;44.929;28.78954;88.34238;20.930860000000003;15.92387;26.52937;6.96436;49.4176;793951.547;1686517.42;892565.686;3373034.653;14.81422;3.86147;8.98117;27.65686;162.4296;134000.0;31000.0;42927.32;32448.73;10478.58;85854.63;29.4364;47.60221;13.49215;90.53076;8.58311;8.58311;6.58743;1303.32;698.3254;944.4765;2946.1219;96.0;97.0;97.0;237.9437;279.99177000000003;2.29674;2.29674;116.0;63.9;74.1;52.0;190.0;118.0;50.5;48.3;52.3;151.1;52.8;53.4;53.9;160.1;4.6;7.8;10.9;23.3;8516.229;25546.129;4.6;9.9;7.5;22.0;8737.606;26213.606;49.3;26.4;38.7;114.4;8737.606;26213.606;1961.286;5881.786;221.277;664.017;29.4;88.1;39.6;50.0;26.5;116.1;5291.0;5291.0;64.7;74.7;52.0;191.4;128.0;3453.0;3453.0;2.28848;2.28848;8516.229;25546.129;26.3;78.89999999999999;129.0;85.4794
2169;2169;2003;Russian Federation;Europe;82.3726;144946723.0;4.36396;4.36396;9414.0;22396.0;12982.0;44792.0;18169.0;10549.0;7620.0;36338.0;10495.0;10495.0;12.90218;11.15975;14.56337;38.6253;16.07486;13.93569;18.1131;48.12365;23.0;88.0;45.3522;12.9243;140.6491;985729.9;1040495.0;2026225.0;4052449.9;62.56007;29.75933;45.71643;138.03583;25.01955;52.8242;38.34273;116.18648;32553.84;12217.16;44771.0;89542.0;15.83096;48.27204;30.95963;95.06263;22.63371;16.70895;27.31105;7.76928;51.789280000000005;852446.211;1793214.42;940768.31;3586428.941;15.3637;4.01526;9.30753;28.68649;159.8794;127000.0;34000.0;41770.61;31576.25;10194.36;83541.22;28.88483;46.82244;13.20982;88.91709;7.33798;7.33798;6.07946;1398.177;734.7978;999.7576;3132.7324;96.0;97.0;98.0;239.90882;280.76077999999995;2.15779;2.15779;117.0;65.4;75.4;53.9;194.7;118.0;50.2;47.7;52.4;150.3;53.2;53.4;53.6;160.2;5.4;9.1;12.6;27.1;8461.148000000001;25383.548000000003;5.4;11.5;8.8;25.700000000000003;8691.875999999998;26080.376;52.4;28.7;41.3;122.4;8691.875999999998;26080.376;1908.34;5729.04;230.629;691.949;28.1;84.30000000000001;42.4;53.2;28.9;124.5;4392.0;4392.0;66.3;76.2;54.0;196.5;128.0;2917.0;2917.0;2.21371;2.21371;8461.148000000001;25383.548000000003;26.0;78.0;129.0;82.3726
2172;2172;2002;Russian Federation;Europe;83.6011;145590136.0;4.50423;4.50423;9826.0;23447.0;13621.0;46894.0;18961.0;11042.0;7919.0;37922.0;11112.0;11112.0;13.8426;11.92242;15.66664;41.43166;17.2486;14.90792;19.47423;51.63075;23.0;90.0;46.1071;13.0777;142.7859;955253.8;1011813.0;1967067.0;3934133.8;63.35444;30.0427;46.21966;139.61679999999998;25.13826;52.76701;38.39634;116.30161;31276.25;11768.75;43045.0;86090.0;15.20238;46.12894;29.64211;90.97343;21.74713;16.36772;26.95127;7.43479;50.75378;827734.473;1744327.85;916593.381;3488655.7039999994;15.17492;3.97097;9.20214;28.34803;161.0556;130000.0;33000.0;44258.92;33401.53;10857.39;88517.84;30.47805;49.26349;14.02511;93.76665;7.99816;7.99816;6.3766;1341.739;716.6764;972.2711;3030.6865;97.0;97.0;98.0;238.92015;280.37405;2.23943;2.23943;116.0;64.6;74.8;52.9;192.3;118.0;50.4;48.0;52.4;150.8;53.0;53.4;53.8;160.2;5.0;8.5;11.8;25.3;8513.942;25537.742;5.0;10.7;8.2;23.9;8740.244;26220.244;50.9;27.6;40.0;118.5;8740.244;26220.244;1954.887;5872.487;226.202;678.412;28.8;86.4;41.0;51.6;27.7;120.3;4892.0;4892.0;65.5;75.5;53.0;194.0;128.0;3152.0;3152.0;2.26403;2.26403;8513.942;25537.742;26.2;78.60000000000001;129.0;83.6011
2178;2178;2000;Russian Federation;Europe;88.812;146844839.0;4.63397;4.63397;10651.0;25422.0;14771.0;50844.0;20358.0;11876.0;8482.0;40716.0;11943.0;11943.0;15.47597;13.29682;17.55158;46.32437;19.28939;16.66295;21.79151;57.74385;21.0;95.0;48.8886;13.3593;151.0599;893445.1;975356.9;1868802.0;3737604.0;63.52695;29.20215;45.6123;138.3414;24.28462;50.80831;36.94798;112.04091;29967.64;10824.36;40792.0;81584.0;13.89492;43.74626;27.86246;85.50363999999999;20.41874;15.92387;26.52937;6.96436;49.4176;774725.3690000002;1661546.11;886821.137;3323092.6160000004;14.63253;3.79847;8.86776;27.29876;166.52960000000002;139000.0;31000.0;41095.87;31162.08;9933.79;82191.74000000002;28.07001;45.48989;12.75172;86.31162;9.00184;9.00184;6.68848;1295.541;696.2624;937.6258;2929.4292;96.0;97.0;97.0;236.96695;279.99227;2.33415;2.33415;116.0;63.0;73.3;51.0;187.3;118.0;50.6;48.6;52.2;151.4;52.5;53.4;54.0;159.9;4.2;7.2;10.1;21.5;8516.784;25561.784;4.2;9.1;6.9;20.2;8734.141;26205.341;47.7;25.3;37.3;110.3;8734.141;26205.341;1921.807;5765.607;217.257;651.727;29.9;89.69999999999999;38.1;48.3;25.2;111.6;5552.0;5552.0;63.8;73.8;51.0;188.6;128.0;3824.0;3824.0;2.29243;2.29243;8516.784;25561.784;26.4;79.19999999999999;129.0;88.812
