;year;countryName;regionName;MH_12-Male;HEMOGLOBINLEVEL_PREGNANT_MEAN;HEMOGLOBINLEVEL_NONPREGNANT_ME;HEMOGLOBINLEVEL_REPRODUCTIVEAG;WHS4_544;WHS4_100;HEMOGLOBINLEVEL_CHILDREN_MEAN;WHS8_110;MDG_0000000017;SA_0000001400;TB_e_mort_exc_tbhiv_num;NUTRITION_ANAEMIA_PREGNANT_PRE-Female;SA_0000001688-Both sexes;SA_0000001688-Female;SA_0000001688-Male;SA_0000001688;NUTRITION_ANAEMIA_CHILDREN_PRE-Both sexes;TB_e_inc_num;WSH_SANITATION_BASIC;MDG_0000000020;NCD_HYP_PREVALENCE_A-Both sexes;NCD_HYP_CONTROL_A-Male;NCD_HYP_CONTROL_C-Male;NCD_HYP_PREVALENCE_A-Female;NCD_HYP_PREVALENCE_A-Male;NCD_HYP_PREVALENCE_C-Both sexes;POP;percent
641;2004;Cabo Verde;Africa;33.9521;112.0;126.0;125.0;94.0;93.0;108.0;91.0;6.3;8.50782;29.0;44.6;6.47575;2.92894;10.43248;19.83717;52.5;370.0;140.47362;80.0;46.2;3.7;3.4;44.3;47.9;43.4;486583.0;0.006977658487863324
645;2005;Cabo Verde;Africa;34.3134;112.0;126.0;125.0;95.0;95.0;108.0;92.0;6.3;8.64294;29.0;44.1;6.76551;3.04909;10.84837;20.66297;52.0;370.0;146.44488;79.0;46.4;4.0;3.6;44.5;48.2;43.8;492827.0;0.006962564956871276
647;2001;Cabo Verde;Africa;33.0552;111.0;126.0;125.0;91.0;90.0;106.0;88.0;6.3;7.72232;28.0;46.0;5.67985;2.58374;9.23793;17.50152;56.3;360.0;122.44939;83.0;45.2;3.0;2.8;43.5;47.1;42.3;465958.0;0.007094029934028389
649;2003;Cabo Verde;Africa;33.4561;111.0;126.0;125.0;93.0;92.0;108.0;90.0;6.3;8.429359999999999;28.0;45.1;6.25462;2.83482;10.11228;19.20172;53.4;400.0;134.48352;88.0;45.9;3.5;3.2;44.1;47.7;43.1;480089.0;0.006968728714884115
652;2002;Cabo Verde;Africa;33.4427;111.0;126.0;125.0;92.0;91.0;107.0;89.0;6.3;7.74968;28.0;45.6;6.01227;2.72914;9.75208;18.49349;54.6;240.0;128.47569;55.0;45.5;3.2;3.0;43.8;47.4;42.7;473231.0;0.007066886995991388
658;2000;Cabo Verde;Africa;33.3271;111.0;125.0;124.0;90.0;90.0;106.0;86.0;6.3;6.98;27.0;46.5;5.67985;2.58374;9.23793;17.50152;58.4;350.0;116.40554;82.0;44.9;2.8;2.6;43.2;46.8;41.9;458251.0;0.007272673709386341
882;2012;Lesotho;Africa;172.9289;116.0;128.0;127.0;93.0;95.0;109.0;91.0;60.0;4.94;1200.0;33.6;5.15488;1.73741;8.83314;15.72543;49.0;21000.0;105.47995;1040.0;40.6;8.8;8.8;46.7;33.1;38.0;2054717.9999999998;0.008416186552120534
883;2010;Lesotho;Africa;152.7446;116.0;127.0;126.0;92.0;93.0;109.0;88.0;64.0;5.5;1300.0;34.1;6.37975;2.18122;10.96113;19.5221;48.7;24000.0;94.10498;1180.0;40.6;7.7;7.7;46.5;33.3;38.5;2022747.0;0.007551344780143043
886;2009;Lesotho;Africa;148.1117;116.0;127.0;126.0;89.0;91.0;109.0;84.0;67.0;5.834440000000001;1300.0;34.2;6.90698;2.37574;11.87789;21.16061;49.2;24000.0;88.34499;1230.0;40.5;7.2;7.2;46.3;33.4;38.5;2009169.0;0.007371789033177399
890;2014;Lesotho;Africa;195.2249;116.0;128.0;127.0;88.0;88.0;109.0;92.0;54.0;5.51;1100.0;33.4;5.04129;1.67886;8.60546;15.32561;49.7;17000.0;116.67007;853.0;40.5;10.1;10.0;46.8;32.8;37.6;2095242.0000000002;0.009317534680958093
891;2017;Lesotho;Africa;163.9502;116.0;128.0;127.0;87.0;87.0;109.0;90.0;46.0;5.859999999999999;970.0;33.3;4.97182;1.63939;8.45966;15.07087;50.5;14000.0;133.12169999999998;681.0;40.3;12.2;12.0;46.8;32.4;37.1;2170617.0;0.007553161151875249
893;2016;Lesotho;Africa;180.1055;116.0;128.0;127.0;87.0;87.0;109.0;90.0;47.0;5.9;970.0;33.3;4.95819;1.63864;8.44201;15.03884;50.3;15000.0;127.6823;721.0;40.4;11.5;11.3;46.8;32.5;37.2;2143872.0;0.008400944645949012
894;2015;Lesotho;Africa;191.537;116.0;128.0;127.0;85.0;83.0;109.0;93.0;52.0;6.14;1100.0;33.4;5.06287;1.67849;8.62936;15.37072;50.3;16000.0;122.19844;780.0;40.5;10.8;10.6;46.8;32.7;37.4;2118521.0;0.00904107157776581
896;2013;Lesotho;Africa;188.2344;116.0;128.0;127.0;90.0;93.0;109.0;90.0;58.0;5.109999999999999;1200.0;33.5;5.022;1.68225;8.58935;15.2936;49.3;19000.0;111.09725;948.0;40.6;9.5;9.4;46.8;33.0;37.8;2073938.9999999998;0.009076178228964305
897;2018;Lesotho;Africa;158.3508;116.0;128.0;127.0;87.0;87.0;109.0;90.0;50.0;6.8;1100.0;33.3;5.08471;1.67319;8.64782;15.40572;50.7;14000.0;138.51650999999998;659.0;40.2;13.0;12.8;46.8;32.2;36.9;2198017.0;0.007204257291913574
899;2011;Lesotho;Africa;156.9247;116.0;128.0;127.0;95.0;96.0;109.0;92.0;64.0;4.76;1300.0;33.8;5.76426;1.9571;9.89236;17.61372;48.7;22000.0;99.81814;1120.0;40.6;8.3;8.2;46.6;33.2;38.3;2037677.0;0.007701156758406754
1180;2006;Eswatini;Africa;104.1565;116.0;126.0;126.0;88.0;87.0;111.0;93.0;81.0;12.5272;840.0;33.7;7.5338;2.84776;13.15334;23.5349;45.4;15000.0;165.10217;1460.0;44.3;4.0;3.8;47.8;40.0;41.1;1077735.0;0.009664388741202614
1181;2004;Eswatini;Africa;91.9863;116.0;126.0;125.0;88.0;86.0;110.0;93.0;79.0;11.51686;810.0;34.1;6.46136;2.43511;11.21804;20.11451;46.0;14000.0;162.58289;1320.0;43.7;3.5;3.3;46.9;39.6;40.6;1065764.0;0.00863101962535796
1182;2012;Eswatini;Africa;116.2392;116.0;127.0;126.0;92.0;95.0;112.0;88.0;54.0;12.98;590.0;32.8;7.91545;2.98838;13.75562;24.65945;42.3;12000.0;173.46493999999998;1110.0;44.4;5.9;5.4;48.6;39.6;40.6;1111444.0;0.010458394664958378
1183;2010;Eswatini;Africa;119.0924;116.0;127.0;126.0;89.0;89.0;111.0;94.0;56.0;12.98;600.0;33.2;7.54143;2.85025;13.21585;23.60753;44.1;17000.0;170.58768;1590.0;44.6;5.2;4.8;48.6;40.0;41.1;1099920.0;0.010827369263219143
1185;2005;Eswatini;Africa;95.5261;116.0;126.0;126.0;88.0;86.0;110.0;93.0;82.0;10.10001;840.0;33.9;7.01857;2.64956;12.22373;21.89186;46.2;15000.0;163.82547;1420.0;44.0;3.7;3.5;47.4;39.8;40.9;1071886.0;0.008911964518614852
1186;2009;Eswatini;Africa;125.1059;116.0;126.0;126.0;89.0;88.0;111.0;94.0;52.0;11.29894;550.0;33.4;7.30099;2.75984;12.80662;22.86745;45.3;17000.0;169.17820999999998;1590.0;44.7;4.9;4.5;48.5;40.2;41.3;1094886.0;0.011426385943376754
1187;2001;Eswatini;Africa;72.5185;116.0;125.0;125.0;87.0;84.0;110.0;93.0;66.0;13.39884;660.0;34.8;7.88492;2.98784;13.54425;24.41701;45.7;10000.0;159.06041;1010.0;42.5;2.8;2.7;45.5;38.8;39.5;1041396.0;0.006963585418035023
1188;2007;Eswatini;Africa;122.0613;116.0;126.0;126.0;88.0;87.0;111.0;94.0;53.0;12.68794;550.0;33.6;7.87347;2.97578;13.77183;24.62108;45.2;15000.0;166.41766;1430.0;44.5;4.3;4.0;48.1;40.2;41.3;1084008.0;0.011260184426683199
1189;2003;Eswatini;Africa;87.8577;116.0;126.0;125.0;87.0;85.0;110.0;93.0;78.0;11.24978;800.0;34.3;6.49571;2.44467;11.24135;20.18173;45.9;13000.0;161.37473;1270.0;43.3;3.2;3.1;46.5;39.3;40.2;1058797.0;0.008297879574649341
1190;2014;Eswatini;Africa;99.0033;117.0;127.0;126.0;98.0;98.0;111.0;97.0;44.0;14.56;480.0;32.5;8.44595;3.18847;14.48952;26.12394;42.8;9400.0;176.42802999999998;855.0;43.9;6.7;6.0;48.3;39.0;39.8;1125865.0;0.008793532084219688
1191;2017;Eswatini;Africa;83.6115;116.0;127.0;126.0;90.0;90.0;111.0;89.0;30.0;15.3;330.0;32.2;8.76653;3.27415;14.81248;26.85316;44.2;5600.0;181.03345;502.0;43.1;8.0;7.2;47.7;38.0;38.7;1151390.0;0.007261787925898262
1192;2002;Eswatini;Africa;81.0591;116.0;126.0;125.0;87.0;85.0;110.0;93.0;70.0;11.01099;710.0;34.5;7.31244;2.75686;12.60298;22.67228;45.7;11000.0;160.20047;1110.0;42.9;3.0;2.9;46.0;39.0;39.9;1050809.0;0.0077139708548366066
1193;2016;Eswatini;Africa;88.774;116.0;127.0;126.0;90.0;90.0;112.0;89.0;31.0;15.28;340.0;32.3;8.69402;3.26408;14.7514;26.7095;42.6;6000.0;179.47767;537.0;43.4;7.5;6.8;47.9;38.3;39.1;1142524.0;0.007769989952071029
1194;2015;Eswatini;Africa;92.265;117.0;127.0;126.0;84.0;90.0;112.0;89.0;35.0;14.98;380.0;32.4;8.55281;3.22272;14.58486;26.36039;41.9;7200.0;177.94236;648.0;43.7;7.1;6.4;48.1;38.7;39.4;1133936.0;0.008136702600499498
1195;2008;Eswatini;Africa;125.4304;116.0;126.0;126.0;89.0;88.0;110.0;94.0;43.0;11.28281;450.0;33.6;7.57196;2.86169;13.26815;23.7018;45.6;15000.0;167.78813;1390.0;44.7;4.5;4.2;48.4;40.2;41.4;1089870.0;0.0115087487498509
1196;2013;Eswatini;Africa;110.0016;116.0;127.0;126.0;98.0;98.0;112.0;96.0;51.0;14.72;560.0;32.6;8.06429;3.04407;13.92455;25.03291;42.3;11000.0;174.9355;1030.0;44.2;6.3;5.7;48.5;39.3;40.2;1118319.0;0.00983633471308276
1197;2018;Eswatini;Africa;78.8021;116.0;127.0;126.0;90.0;90.0;111.0;85.0;34.0;15.36;380.0;32.2;8.7818;3.26426;14.78078;26.82684;43.4;5000.0;182.60902;441.0;42.8;8.5;7.6;47.5;37.7;38.4;1160428.0;0.006790778919502114
1199;2011;Eswatini;Africa;114.5175;116.0;127.0;126.0;85.0;91.0;111.0;87.0;58.0;13.78;620.0;33.0;7.58341;2.86521;13.24943;23.69805;42.9;14000.0;172.01641999999998;1300.0;44.5;5.5;5.1;48.6;39.8;40.9;1105371.0;0.010360096293461652
1200;2006;Seychelles;Africa;15.0824;118.0;128.0;128.0;99.0;99.0;117.0;99.0;1.1;12.86931;1.0;28.7;6.25755;2.78427;9.73815;18.77997;27.5;21.0;96.68685;23.0;48.2;7.6;7.1;44.7;51.5;44.6;87093.0;0.017317580058098813
1201;2004;Seychelles;Africa;17.5544;117.0;128.0;127.0;99.0;99.0;117.0;99.0;0.0;13.1275;0.0;29.5;6.64709;2.94902;10.43827;20.03438;27.5;21.0;95.83714;24.0;48.0;6.5;6.1;44.4;51.6;44.3;84715.0;0.02072171398217553
1202;2012;Seychelles;Africa;13.1628;118.0;129.0;128.0;98.0;98.0;117.0;98.0;0.0;17.77;0.0;27.0;7.99184;3.50273;12.17081;23.66538;27.4;23.0;99.23599;25.0;47.3;11.6;11.0;44.4;49.7;45.4;95309.0;0.013810657965144952
1203;2010;Seychelles;Africa;13.3879;118.0;129.0;128.0;99.0;99.0;117.0;99.0;0.0;11.08;0.0;27.3;5.78078;2.51566;8.8354;17.13184;27.2;20.0;98.38628;21.0;47.9;10.1;9.5;44.8;50.6;45.5;92409.0;0.014487658128537265
1204;2019;Seychelles;Africa;14.0023;118.0;128.0;128.0;99.0;99.0;116.0;99.0;1.0;18.950000000000003;1.0;27.5;8.83899;4.01653;13.4051;26.26062;30.6;16.0;100.0;16.0;44.3;18.5;18.1;42.3;45.8;44.7;104373.0;0.013415634311555671
1205;2005;Seychelles;Africa;15.7919;117.0;128.0;127.0;99.0;99.0;117.0;99.0;2.2;13.20926;2.0;29.2;6.22917;2.76388;9.75138;18.74443;27.6;16.0;96.26199;18.0;48.1;7.1;6.6;44.5;51.5;44.3;85883.0;0.018387690229731146
1206;2009;Seychelles;Africa;13.2519;118.0;129.0;128.0;99.0;99.0;117.0;97.0;2.2;10.40867;2.0;27.5;5.15086;2.24593;7.90747;15.30426;27.2;17.0;97.96142;19.0;48.1;9.4;8.8;44.8;50.9;45.4;91030.0;0.01455772822146545
1207;2001;Seychelles;Africa;18.0742;117.0;127.0;127.0;96.0;96.0;117.0;95.0;2.6;13.6727;2.0;30.3;7.47079;3.35678;11.71511;22.54268;27.4;22.0;94.56257;27.0;47.7;5.1;4.8;43.8;51.6;44.6;81262.0;0.02224188427555315
1208;2007;Seychelles;Africa;13.8859;118.0;128.0;128.0;99.0;99.0;117.0;99.0;1.2;14.498030000000002;1.0;28.3;5.97497;2.65;9.24882;17.87379;27.5;20.0;97.11171;22.0;48.2;8.2;7.6;44.8;51.4;44.9;88325.0;0.01572136994056043
1209;2003;Seychelles;Africa;17.2471;117.0;128.0;127.0;99.0;99.0;117.0;99.0;0.0;14.70416;0.0;29.7;7.09903;3.16031;11.15442;21.41376;27.4;12.0;95.41228;13.0;47.9;6.0;5.7;44.2;51.6;44.4;83592.0;0.020632476792037516
1210;2014;Seychelles;Africa;13.5054;118.0;129.0;128.0;99.0;99.0;116.0;99.0;0.0;16.89;0.0;27.0;8.10277;3.59094;12.32982;24.02353;28.1;15.0;100.0;16.0;46.6;13.3;12.7;43.9;48.7;45.2;98001.0;0.01378087978694095
1211;2017;Seychelles;Africa;14.3326;118.0;128.0;128.0;97.0;97.0;116.0;99.0;2.1;17.78;2.0;27.3;8.71322;3.94439;13.22013;25.87774;29.6;18.0;100.0;19.0;45.2;16.3;15.7;42.9;47.0;44.9;101811.0;0.01407765369164432
1212;2002;Seychelles;Africa;16.7114;117.0;127.0;127.0;99.0;99.0;117.0;98.0;4.6;16.25505;4.0;30.0;7.28802;3.26168;11.44062;21.99032;27.4;33.0;94.98742;40.0;47.8;5.6;5.2;44.0;51.6;44.5;82433.0;0.020272706319071247
1213;2016;Seychelles;Africa;13.785;118.0;128.0;128.0;96.0;96.0;116.0;97.0;0.0;17.86;0.0;27.2;8.49444;3.82315;12.89902;25.216610000000003;29.1;14.0;100.0;14.0;45.7;15.3;14.7;43.3;47.5;45.0;100508.0;0.013715326143192583
1214;2015;Seychelles;Africa;13.7761;118.0;129.0;128.0;97.0;97.0;116.0;98.0;1.1;17.4;1.0;27.1;8.34218;3.72854;12.68018;24.7509;28.6;9.0;100.0;9.7;46.1;14.3;13.7;43.6;48.1;45.1;99240.0;0.013881600161225313
1215;2008;Seychelles;Africa;14.0291;118.0;128.0;128.0;99.0;99.0;117.0;99.0;2.3;13.36477;2.0;27.9;5.59364;2.46512;8.62097;16.67973;27.3;7.0;97.53656;7.6;48.2;8.7;8.2;44.9;51.2;45.1;89644.0;0.01564979251260542
1216;2013;Seychelles;Africa;13.1251;118.0;129.0;128.0;98.0;98.0;117.0;97.0;2.1;16.64;2.0;27.0;8.19501;3.60924;12.47487;24.27912;27.7;28.0;99.5771;30.0;47.0;12.4;11.8;44.2;49.2;45.3;96714.0;0.013571044523026658
1217;2018;Seychelles;Africa;14.2356;118.0;128.0;128.0;99.0;99.0;116.0;96.0;1.6;18.72;2.0;27.4;8.83899;4.01653;13.4051;26.26062;30.1;17.0;100.0;18.0;44.8;17.4;16.9;42.6;46.4;44.8;103101.0;0.013807431547705647
1218;2000;Seychelles;Africa;18.3567;117.0;127.0;127.0;98.0;98.0;117.0;97.0;2.6;16.65258;2.0;30.6;7.47079;3.35678;11.71511;22.54268;27.5;23.0;94.13771;28.0;47.7;4.7;4.4;43.6;51.6;44.9;80060.0;0.02292867849113165
1219;2011;Seychelles;Africa;13.4027;118.0;129.0;128.0;99.0;99.0;117.0;99.0;1.1;15.67;1.0;27.1;7.08747;3.09373;10.80499;20.98619;27.3;24.0;98.81113;26.0;47.7;10.8;10.2;44.6;50.2;45.5;93827.0;0.01428448101292805
1838;2000;Iceland;Europe;19.2572;121.0;133.0;132.0;98.0;98.0;123.0;91.0;0.71;12.28;2.0;16.3;7.25867;3.40233;11.15209;21.81309;10.2;15.0;297.49716;5.3;33.7;17.9;17.9;30.4;37.0;35.1;281462.0;0.006841847212057045
2438;2000;Belize;Americas;17.1632;118.0;127.0;126.0;91.0;91.0;117.0;96.0;3.0;9.39802;8.0;27.9;5.84387;2.4118;9.24489;17.50056;26.1;120.0;247.8177;49.0;32.9;5.5;5.3;31.6;34.2;28.8;240406.0;0.007139256091778076
2640;2006;Grenada;Americas;8.89;119.0;130.0;129.0;91.0;91.0;118.0;98.0;1.2;18.52808;1.0;24.6;8.39081;3.46549;13.30839;25.16469;24.1;1.0;91.43593;1.1;44.6;8.3;8.3;43.0;45.9;45.3;110988.0;0.00800987494143511
2641;2004;Grenada;Americas;9.28;119.0;129.0;129.0;84.0;83.0;118.0;74.0;2.5;17.36741;3.0;25.4;8.42687;3.47947;13.41352;25.31986;24.1;2.0;90.88416;2.2;43.8;7.3;7.3;42.2;45.2;44.1;109516.0;0.00847364768618284
2680;2006;Guyana;Americas;54.8026;114.0;122.0;122.0;92.0;93.0;113.0;90.0;16.0;11.35742;120.0;36.7;5.66609;2.2146;9.16623;17.04692;38.6;890.0;247.9379;119.0;38.9;9.8;9.1;39.5;38.2;35.2;758367.0;0.007226395663313409
2681;2004;Guyana;Americas;59.2136;114.0;122.0;121.0;91.0;91.0;113.0;88.0;20.0;17.291249999999998;150.0;37.3;7.78051;3.07334;12.54223;23.39608;39.1;750.0;245.29027;101.0;38.4;8.6;8.1;38.8;37.8;34.2;760424.0;0.007786918876837134
2682;2012;Guyana;Americas;60.463;115.0;124.0;124.0;97.0;97.0;114.0;99.0;17.0;11.44;130.0;34.6;5.90103;2.33756;9.55737;17.79596;34.1;940.0;255.77246;124.0;39.9;13.1;12.4;41.1;38.6;37.8;743966.0;0.008127118712414278
2683;2010;Guyana;Americas;57.712;115.0;124.0;123.0;95.0;95.0;114.0;95.0;20.0;11.12;150.0;35.2;5.78011;2.27618;9.38859;17.44488;36.0;890.0;253.17073;119.0;39.8;12.0;11.2;40.8;38.7;36.9;747932.0;0.007716209494980827
2684;2019;Guyana;Americas;64.9737;116.0;125.0;125.0;97.0;99.0;116.0;98.0;12.0;10.22;98.0;33.0;5.32751;2.10488;8.56762;16.00001;29.3;620.0;260.97245;79.0;40.0;16.4;16.1;41.8;38.2;40.6;798753.0;0.008134391983504286
2685;2005;Guyana;Americas;56.9559;114.0;122.0;121.0;93.0;93.0;113.0;92.0;16.0;11.681119999999998;120.0;37.0;6.69221;2.6265;10.8054;20.12411;38.9;800.0;246.61663;107.0;38.6;9.2;8.6;39.2;38.0;34.8;759709.0;0.007497067956283261
2686;2009;Guyana;Americas;53.6711;115.0;123.0;123.0;97.0;98.0;114.0;97.0;13.0;11.74459;94.0;35.6;5.71101;2.24207;9.27586;17.22894;36.9;950.0;251.87041;128.0;39.6;11.5;10.7;40.5;38.6;36.5;751258.0;0.00714416352305067
2687;2001;Guyana;Americas;64.8037;114.0;121.0;120.0;90.0;85.0;113.0;92.0;11.0;14.72884;82.0;37.9;7.6665;3.0533;12.36219;23.08199;39.4;530.0;241.19208000000003;71.0;37.5;7.1;6.6;37.9;37.1;32.9;759809.0;0.008528946090399035
2688;2007;Guyana;Americas;54.8941;114.0;122.0;122.0;94.0;94.0;113.0;96.0;15.0;11.46285;110.0;36.4;5.61772;2.19663;9.10166;16.91601;38.2;740.0;249.25396;99.0;39.2;10.3;9.6;39.9;38.4;35.6;756521.0;0.00725612375598298
2689;2003;Guyana;Americas;59.9473;114.0;121.0;121.0;91.0;90.0;113.0;89.0;14.0;17.49837;110.0;37.3;8.72025;3.46166;14.04588;26.22779;39.1;790.0;243.95878;106.0;38.1;8.1;7.5;38.5;37.6;33.8;760562.0;0.007881974119138217
2690;2014;Guyana;Americas;66.4202;115.0;125.0;124.0;97.0;98.0;115.0;99.0;12.0;11.68;95.0;34.0;5.88721;2.33723;9.49359;17.71803;32.5;680.0;258.37212;89.0;39.9;14.1;13.5;41.3;38.5;38.5;751115.0;0.008842880251359644
2691;2017;Guyana;Americas;63.8655;115.0;125.0;125.0;94.0;97.0;116.0;99.0;12.0;10.37;97.0;33.3;5.40697;2.14044;8.69555;16.242960000000004;30.3;650.0;260.96063;84.0;40.0;15.4;15.0;41.6;38.2;39.7;763252.0;0.00836755095302731
2692;2002;Guyana;Americas;65.3796;114.0;121.0;121.0;93.0;91.0;113.0;93.0;16.0;16.932570000000002;120.0;37.5;8.30912;3.30855;13.3845;25.00217;39.2;740.0;242.57909;99.0;37.8;7.6;7.1;38.2;37.3;33.3;760323.0;0.00859892440449651
2693;2016;Guyana;Americas;63.8378;115.0;125.0;124.0;94.0;97.0;116.0;99.0;12.0;10.67;96.0;33.5;5.52789;2.19162;8.89315;16.61266;31.0;720.0;260.95625;94.0;39.9;15.0;14.5;41.5;38.3;39.3;759087.0;0.008409813367901175
2694;2015;Guyana;Americas;63.5118;115.0;125.0;124.0;92.0;95.0;115.0;99.0;12.0;10.96;96.0;33.7;5.75592;2.2841;9.26839;17.30841;31.7;710.0;259.66609000000005;93.0;39.9;14.6;14.0;41.4;38.4;38.9;755031.0;0.008411813554675239
2695;2008;Guyana;Americas;52.5281;114.0;123.0;122.0;93.0;93.0;113.0;95.0;14.0;11.65146;110.0;36.0;5.66609;2.21858;9.19462;17.07929;37.6;820.0;250.56478;109.0;39.4;10.9;10.1;40.2;38.5;36.1;754150.0;0.006965205860903004
2696;2013;Guyana;Americas;65.3887;115.0;124.0;124.0;98.0;98.0;115.0;99.0;18.0;11.45;140.0;34.3;5.97013;2.36874;9.6471;17.98597;33.4;850.0;257.07423;112.0;39.9;13.6;12.9;41.2;38.5;38.1;747420.0;0.00874858847769661
2697;2018;Guyana;Americas;64.4252;115.0;125.0;125.0;94.0;95.0;116.0;98.0;12.0;10.259999999999998;97.0;33.1;5.32751;2.10488;8.56762;16.00001;29.8;640.0;260.96596;83.0;40.0;15.9;15.5;41.7;38.2;40.2;785514.0;0.008201661587190044
2698;2000;Guyana;Americas;57.6094;114.0;120.0;120.0;79.0;88.0;112.0;86.0;11.0;13.64214;82.0;38.3;7.6665;3.0533;12.36219;23.08199;39.7;530.0;239.80586;71.0;37.3;6.6;6.2;37.7;36.8;32.6;759051.0;0.007589661300755812
2699;2011;Guyana;Americas;56.8361;115.0;124.0;123.0;93.0;93.0;114.0;98.0;16.0;11.28;120.0;34.9;5.84575;2.30909;9.48583;17.64067;35.1;890.0;254.46572;118.0;39.9;12.6;11.8;41.0;38.7;37.4;744230.0;0.007636899883100655
2760;2006;Saint Lucia;Americas;14.1412;121.0;132.0;132.0;85.0;85.0;119.0;94.0;2.2;26.03985;4.0;21.4;11.63337;5.00793;18.63042;35.27172;22.6;17.0;251.5842;10.0;38.3;7.0;6.8;38.5;38.0;36.1;166470.0;0.008494743797681264
2761;2004;Saint Lucia;Americas;13.3276;121.0;132.0;132.0;91.0;91.0;119.0;95.0;4.1;25.15474;7.0;22.0;11.6197;4.98218;18.64967;35.25155;22.3;17.0;253.29533;11.0;37.8;6.2;6.0;37.9;37.6;35.2;164239.0;0.008114759588161154
2762;2012;Saint Lucia;Americas;15.0393;122.0;133.0;133.0;98.0;98.0;120.0;99.0;0.59;19.23;1.0;19.3;8.96131;3.72905;14.42359;27.113950000000003;21.9;13.0;245.68008;7.2;39.4;9.4;9.3;40.0;38.7;38.9;173124.0;0.008687010466486449
2763;2010;Saint Lucia;Americas;13.9605;122.0;133.0;133.0;97.0;97.0;119.0;95.0;0.62;20.66;1.0;19.9;9.41986;3.95023;15.14016;28.510250000000003;22.3;10.0;247.82443;5.9;39.2;8.6;8.4;39.7;38.6;38.4;170935.0;0.008167139555971568
2764;2019;Saint Lucia;Americas;12.5122;122.0;133.0;133.0;91.0;92.0;120.0;96.0;1.3;18.61;2.0;19.1;9.58923;3.97146;15.45038;29.01107;22.5;7.0;247.09193;3.8;39.8;12.1;12.2;40.8;38.8;40.8;178583.0;0.007006377986706462
2765;2005;Saint Lucia;Americas;13.6078;121.0;132.0;132.0;95.0;95.0;119.0;94.0;3.7;25.74957;6.0;21.7;11.37401;4.89419;18.22946;34.49766;22.5;16.0;252.45389;9.9;38.0;6.6;6.4;38.2;37.8;35.5;165386.0;0.008227903208252209
2766;2009;Saint Lucia;Americas;12.838;122.0;133.0;132.0;95.0;95.0;119.0;99.0;0.69;22.12271;1.0;20.3;9.84933;4.16058;15.81099;29.8209;22.5;12.0;248.80965;6.7;39.0;8.2;8.0;39.4;38.5;37.9;169688.0;0.007565649898637498
2767;2001;Saint Lucia;Americas;14.6594;121.0;131.0;131.0;99.0;99.0;119.0;89.0;0.78;25.838090000000005;1.0;22.7;11.17199;4.76112;17.95576;33.888870000000004;22.0;17.0;254.06399;11.0;37.0;5.1;5.0;37.0;36.9;34.7;160594.0;0.009128236422282276
2768;2007;Saint Lucia;Americas;13.0983;121.0;132.0;132.0;99.0;99.0;119.0;94.0;1.8;25.17177;3.0;21.1;11.27084;4.84127;18.04541;34.15752;22.6;22.0;250.68667;13.0;38.6;7.4;7.2;38.8;38.2;36.7;167518.0;0.007819040341933405
2769;2003;Saint Lucia;Americas;14.1654;121.0;132.0;131.0;91.0;90.0;119.0;90.0;1.4;27.56038;2.0;22.2;11.40835;4.87955;18.3244;34.612300000000005;22.2;17.0;254.10792;11.0;37.5;5.8;5.6;37.6;37.3;35.0;163047.0;0.008687924340834239
2770;2014;Saint Lucia;Americas;15.1411;122.0;133.0;133.0;99.0;99.0;120.0;99.0;1.7;18.37;3.0;19.0;9.04544;3.75623;14.56542;27.36709;21.8;7.0;243.39492;3.9;39.5;10.1;10.1;40.2;38.7;39.4;174804.0;0.00866175831216677
2771;2017;Saint Lucia;Americas;12.9187;122.0;133.0;133.0;80.0;80.0;120.0;87.0;1.3;19.33;2.0;19.0;9.63332;3.99709;15.51408;29.14449;22.0;13.0;246.26894;7.0;39.7;11.2;11.3;40.6;38.7;40.2;177163.0;0.007291985346827497
2772;2002;Saint Lucia;Americas;13.474;121.0;132.0;131.0;90.0;74.0;119.0;98.0;1.2;26.29602;2.0;22.3;11.6419;4.96243;18.71437;35.3187;21.9;20.0;254.08626;12.0;37.2;5.4;5.3;37.3;37.1;34.8;161799.0;0.008327616363512754
2773;2016;Saint Lucia;Americas;12.1139;122.0;133.0;133.0;95.0;95.0;120.0;99.0;1.3;18.87;2.0;19.0;9.60958;3.9926;15.47085;29.07303;21.9;3.0;245.36518;1.9;39.6;10.9;10.9;40.4;38.7;39.9;176413.0;0.006866784193908611
2774;2015;Saint Lucia;Americas;14.4974;122.0;133.0;133.0;99.0;99.0;120.0;97.0;1.3;18.45;2.0;19.0;9.36457;3.89088;15.07686;28.33231;21.8;16.0;244.38014;9.0;39.5;10.5;10.5;40.3;38.6;39.7;175623.0;0.008254841336271445
2775;2008;Saint Lucia;Americas;14.4991;122.0;133.0;132.0;96.0;96.0;119.0;99.0;1.4;24.0904;2.0;20.7;10.59302;4.51847;16.97594;32.08743;22.6;24.0;249.76176;14.0;38.8;7.8;7.6;39.1;38.4;37.3;168576.0;0.008600927771450266
2776;2013;Saint Lucia;Americas;14.0691;122.0;133.0;133.0;99.0;99.0;120.0;99.0;3.2;17.86;6.0;19.0;8.94193;3.71299;14.39941;27.05433;21.8;10.0;244.55526;5.8;39.4;9.8;9.7;40.1;38.7;39.2;173978.0;0.008086712113025786
2777;2018;Saint Lucia;Americas;12.9244;122.0;133.0;133.0;95.0;95.0;120.0;86.0;1.3;18.61;2.0;19.0;9.58923;3.97146;15.45038;29.01107;22.2;6.0;247.09561;3.2;39.8;11.6;11.7;40.7;38.8;40.5;177888.0;0.0072654704083468255
2778;2000;Saint Lucia;Americas;14.5239;121.0;131.0;131.0;70.0;70.0;119.0;88.0;0.87;25.60522;1.0;23.1;11.17199;4.76112;17.95576;33.888870000000004;22.2;10.0;254.05813;6.6;36.8;4.8;4.7;36.8;36.6;34.6;159500.0;0.009105893416927899
2779;2011;Saint Lucia;Americas;12.5276;122.0;133.0;133.0;99.0;99.0;120.0;91.0;0.7;19.87;1.0;19.6;9.18311;3.83115;14.77361;27.78787;22.1;8.0;246.76955;4.6;39.3;9.0;8.8;39.9;38.7;38.7;172145.0;0.007277353393941154
2900;2006;Suriname;Americas;43.6951;118.0;128.0;128.0;84.0;84.0;115.0;83.0;1.5;9.13452;8.0;26.9;5.42663;2.20397;8.66003;16.29063;31.6;160.0;233.58856;32.0;41.1;10.5;10.0;40.6;41.4;38.3;522023.0;0.008370340004176061
2901;2004;Suriname;Americas;42.4083;118.0;128.0;127.0;84.0;85.0;115.0;86.0;1.3;9.31374;6.0;27.8;5.4376;2.19558;8.68531;16.31849;32.2;120.0;229.15842;25.0;40.4;9.2;8.9;39.9;40.8;37.4;510572.0;0.008306037150490038
2902;2012;Suriname;Americas;42.9634;119.0;130.0;129.0;79.0;76.0;117.0;64.0;3.0;11.58;16.0;24.1;6.84856;2.82209;10.91571;20.58636;27.8;160.0;247.19418;30.0;42.4;14.3;13.7;42.4;42.3;41.0;558111.0;0.007698002727056088
2903;2010;Suriname;Americas;43.6563;119.0;129.0;129.0;94.0;94.0;116.0;87.0;3.5;10.53;18.0;24.8;6.26102;2.56321;9.99153;18.81576;29.0;240.0;242.60456;46.0;42.1;13.0;12.5;42.0;42.1;40.3;546080.0;0.007994487987108117
2904;2019;Suriname;Americas;41.3291;119.0;129.0;129.0;76.0;77.0;118.0;64.0;2.3;13.19;13.0;24.2;7.39647;3.09873;11.74493;22.24013;25.9;170.0;263.73473;29.0;42.9;18.1;17.6;43.3;42.4;42.8;600301.0;0.0068847294940371576
2905;2005;Suriname;Americas;43.1584;118.0;128.0;128.0;84.0;83.0;115.0;91.0;1.8;9.03074;9.0;27.3;5.38096;2.18046;8.58888;16.1503;31.9;150.0;231.3683;29.0;40.8;9.9;9.4;40.3;41.1;37.9;516220.0;0.008360466467785052
2906;2009;Suriname;Americas;41.8934;119.0;129.0;129.0;85.0;87.0;116.0;88.0;3.0;9.85603;15.0;25.3;5.92139;2.41797;9.45175;17.79111;29.7;220.0;240.33021;43.0;41.9;12.4;11.9;41.7;42.0;39.9;539987.0;0.007758223809091701
2907;2001;Suriname;Americas;43.178;117.0;127.0;127.0;65.0;68.0;115.0;82.0;2.2;8.81156;11.0;29.3;5.28453;2.11024;8.45861;15.85338;32.9;94.0;225.50542;20.0;39.5;7.5;7.2;38.9;40.0;36.4;487394.0;0.008858951895181311
2908;2007;Suriname;Americas;42.9735;118.0;129.0;128.0;84.0;84.0;116.0;85.0;1.7;9.37504;9.0;26.4;5.55886;2.26226;8.87078;16.6919;31.0;160.0;235.82213;31.0;41.4;11.1;10.6;41.0;41.6;38.8;527946.0;0.008139752929276859
2909;2003;Suriname;Americas;43.7023;117.0;128.0;127.0;74.0;75.0;115.0;69.0;2.4;9.40614;12.0;28.3;5.46273;2.19667;8.73352;16.39292;32.5;130.0;227.94213;27.0;40.1;8.6;8.3;39.6;40.6;37.0;503780.0;0.008674877922902854
2910;2014;Suriname;Americas;41.1896;119.0;130.0;129.0;76.0;71.0;117.0;70.0;2.3;10.77;12.0;24.0;6.35479;2.62972;10.1195;19.10401;27.0;180.0;251.84141;33.0;42.6;15.5;14.9;42.7;42.3;41.5;569682.0;0.007230279348829697
2911;2017;Suriname;Americas;40.2588;119.0;130.0;129.0;51.0;67.0;117.0;76.0;2.3;11.72;13.0;24.0;7.01064;2.92741;11.14075;21.0788;26.2;160.0;258.93275;28.0;42.8;17.0;16.4;43.0;42.3;42.2;587559.0;0.006851873599076858
2912;2002;Suriname;Americas;43.859;117.0;127.0;127.0;74.0;73.0;115.0;73.0;1.3;9.15951;6.0;28.8;5.3697;2.15052;8.59247;16.11269;32.7;120.0;226.72457;25.0;39.8;8.1;7.7;39.2;40.3;36.7;495666.0;0.008848498787489964
2913;2016;Suriname;Americas;40.3118;119.0;130.0;129.0;77.0;77.0;117.0;76.0;2.3;11.37;13.0;24.0;6.50994;2.70977;10.35267;19.57238;26.4;140.0;256.55361;25.0;42.7;16.5;15.9;42.9;42.3;42.0;581453.0;0.006932942129458442
2914;2015;Suriname;Americas;41.09;119.0;130.0;129.0;78.0;73.0;117.0;76.0;2.3;9.5;13.0;23.9;6.30875;2.61717;10.04056;18.96648;26.7;180.0;254.18967;32.0;42.6;16.0;15.4;42.8;42.3;41.7;575475.0;0.007140188539901821
2915;2008;Suriname;Americas;42.2306;118.0;129.0;128.0;85.0;85.0;116.0;86.0;3.1;9.63531;16.0;25.8;5.71856;2.33126;9.12686;17.17668;30.4;140.0;238.06926;26.0;41.7;11.8;11.3;41.4;41.8;39.4;533938.0;0.007909270364723994
2916;2013;Suriname;Americas;42.2759;119.0;130.0;129.0;78.0;76.0;117.0;81.0;1.1;11.669999999999998;6.0;23.9;6.74922;2.78724;10.75247;20.28893;27.3;180.0;249.50949;32.0;42.5;14.9;14.3;42.6;42.3;41.2;563947.0;0.0074964314022417005
2917;2018;Suriname;Americas;41.8384;119.0;129.0;129.0;81.0;81.0;117.0;77.0;2.3;11.93;13.0;24.1;7.39647;3.09873;11.74493;22.24013;26.0;220.0;261.32671;38.0;42.8;17.6;17.0;43.2;42.4;42.5;593715.0;0.00704688276361554
2918;2000;Suriname;Americas;38.8145;117.0;127.0;126.0;70.0;71.0;115.0;84.0;1.1;8.9141;5.0;29.6;5.28453;2.11024;8.45861;15.85338;33.1;110.0;224.28525;24.0;39.2;7.0;6.8;38.6;39.7;36.1;478998.0;0.008103269742253621
2919;2011;Suriname;Americas;41.4391;119.0;130.0;129.0;83.0;80.0;117.0;79.0;2.8;11.38;15.0;24.4;6.6041;2.71223;10.53336;19.84969;28.4;160.0;244.89254;29.0;42.3;13.7;13.1;42.2;42.2;40.7;552146.0;0.007505098289220606
2980;2006;Saint Vincent and the Grenadines;Americas;10.7215;120.0;130.0;130.0;99.0;99.0;118.0;99.0;2.8;12.43754;3.0;24.4;5.61871;2.25773;8.90158;16.778019999999998;25.5;15.0;77.83888;14.0;38.3;9.0;8.6;39.4;37.1;36.4;111427.0;0.00962199466915559
2981;2004;Saint Vincent and the Grenadines;Americas;9.98;119.0;130.0;129.0;99.0;99.0;118.0;99.0;3.3;11.54933;4.0;25.5;5.18578;2.08031;8.23221;15.4983;26.0;9.0;75.50251;8.5;37.8;7.9;7.6;38.7;36.8;35.5;112608.0;0.00886260301221938
2985;2005;Saint Vincent and the Grenadines;Americas;17.4578;119.0;130.0;130.0;93.0;99.0;118.0;97.0;0.88;12.748820000000002;1.0;24.9;5.42107;2.17681;8.59764;16.195520000000002;25.7;8.0;76.67069;7.4;38.1;8.4;8.1;39.1;37.0;35.9;112043.0;0.015581339307230258
2987;2001;Saint Vincent and the Grenadines;Americas;11.0047;118.0;129.0;128.0;99.0;99.0;117.0;98.0;2.0;10.14814;2.0;27.0;4.58344;1.83076;7.29414;13.70834;26.4;12.0;71.99796;11.0;37.1;6.5;6.2;37.9;36.1;34.6;113641.0;0.009683740903371141
2988;2007;Saint Vincent and the Grenadines;Americas;15.3277;120.0;131.0;130.0;99.0;99.0;118.0;99.0;2.9;12.3931;3.0;23.9;5.94811;2.39097;9.41134;17.75042;25.2;14.0;79.00706;13.0;38.5;9.5;9.2;39.7;37.3;37.0;110824.0;0.01383066844726774
2989;2003;Saint Vincent and the Grenadines;Americas;12.1837;119.0;129.0;129.0;99.0;99.0;117.0;94.0;5.6;10.93807;6.0;26.0;4.82186;1.93263;7.6606;14.41509;26.1;16.0;74.33433;15.0;37.6;7.4;7.1;38.4;36.5;35.1;113108.0;0.010771740283622731
2992;2002;Saint Vincent and the Grenadines;Americas;12.9505;119.0;129.0;129.0;99.0;99.0;117.0;99.0;0.96;10.42337;1.0;26.5;4.65245;1.86144;7.39761;13.9115;26.3;12.0;73.16614;11.0;37.3;6.9;6.6;38.1;36.3;34.9;113450.0;0.01141516086381666
2995;2008;Saint Vincent and the Grenadines;Americas;7.95;120.0;131.0;130.0;99.0;99.0;118.0;99.0;0.91;14.343040000000002;1.0;23.4;6.32144;2.53588;9.99351;18.85083;24.8;14.0;80.17524;13.0;38.7;10.0;9.8;40.0;37.4;37.6;110316.0;0.007206570216469053
2998;2000;Saint Vincent and the Grenadines;Americas;12.5934;118.0;128.0;128.0;99.0;98.0;117.0;96.0;3.2;10.26206;4.0;27.6;4.58344;1.83076;7.29414;13.70834;26.7;18.0;70.82978;17.0;36.8;6.0;5.8;37.6;35.9;34.5;113813.0;0.011064992575540581
2999;2011;Saint Vincent and the Grenadines;Americas;8.67;120.0;131.0;131.0;96.0;96.0;119.0;97.0;4.7;14.09;5.0;22.4;6.60065;2.62263;10.42345;19.64673;23.4;20.0;83.67979;18.0;39.1;11.6;11.6;40.8;37.6;39.1;108703.0;0.00797586083180777
3160;2006;Kiribati;Western Pacific;54.888;113.0;126.0;125.0;86.0;86.0;108.0;61.0;43.0;1.38768;40.0;42.9;3.73854;1.30243;6.36709;11.40806;52.7;470.0;115.44942;501.0;31.5;5.7;5.3;29.6;33.6;29.0;100083.0;0.05484248074098499
3161;2004;Kiribati;Western Pacific;55.8563;112.0;126.0;125.0;61.0;62.0;108.0;56.0;43.0;0.97812;39.0;43.0;2.67809;0.93473;4.5635;8.17632;52.1;390.0;110.33075;428.0;30.4;5.5;5.2;28.4;32.7;27.7;96224.0;0.05804820003325573
3162;2012;Kiribati;Western Pacific;55.9366;112.0;126.0;125.0;92.0;94.0;108.0;91.0;40.0;0.77;42.0;43.0;2.96567;1.03847;5.04941;9.05355;52.6;430.0;125.78423;407.0;36.2;5.6;5.2;35.6;36.8;34.0;111618.0;0.05011431847909835
3163;2010;Kiribati;Western Pacific;57.0738;112.0;126.0;125.0;95.0;91.0;108.0;89.0;40.0;0.98;42.0;43.0;2.85783;0.99721;4.86603;8.721070000000001;53.1;360.0;122.87156;347.0;34.5;5.7;5.3;33.4;35.8;32.3;107995.0;0.052848557803602016
3164;2019;Kiribati;Western Pacific;53.56;113.0;125.0;125.0;94.0;97.0;109.0;94.0;37.0;0.8600000000000001;43.0;41.7;2.31861;0.80367;3.96904;7.0913200000000005;49.4;510.0;134.40766;436.0;42.3;5.3;4.9;43.8;40.4;40.5;124241.0;0.04310976247776499
3165;2005;Kiribati;Western Pacific;56.9136;113.0;126.0;125.0;74.0;79.0;108.0;85.0;42.0;1.21384;39.0;42.9;3.34312;1.1653;5.69503;10.20345;52.4;410.0;112.83471;450.0;30.9;5.6;5.2;28.9;33.1;28.3;98164.0;0.05797807750295424
3166;2009;Kiribati;Western Pacific;57.5966;112.0;126.0;125.0;84.0;86.0;108.0;82.0;41.0;1.07545;42.0;43.0;2.73201;0.9527;4.65165;8.336359999999999;53.2;350.0;121.34369;344.0;33.7;5.7;5.3;32.3;35.2;31.4;105996.0;0.054338465602475565
3167;2001;Kiribati;Western Pacific;61.9107;112.0;126.0;125.0;88.0;85.0;108.0;76.0;45.0;1.41442;39.0;43.4;2.82188;0.98225;4.82544;8.629570000000001;52.0;240.0;102.81769;275.0;29.6;5.2;4.9;27.5;32.0;26.3;90531.0;0.06838618815654306
3168;2007;Kiribati;Western Pacific;57.4975;112.0;126.0;125.0;93.0;94.0;108.0;93.0;43.0;1.10627;41.0;42.9;3.52286;1.22749;5.9988;10.74915;53.0;420.0;118.14645;433.0;32.2;5.7;5.3;30.4;34.1;29.8;101998.0;0.056371203356928565
3169;2003;Kiribati;Western Pacific;56.7468;112.0;126.0;125.0;79.0;70.0;108.0;72.0;44.0;0.8702;39.0;43.1;2.49835;0.87206;4.26201;7.632420000000001;51.9;350.0;107.82641999999998;400.0;30.1;5.4;5.1;28.0;32.4;27.1;94302.0;0.06017560603168543
3170;2014;Kiribati;Western Pacific;55.3101;112.0;126.0;125.0;79.0;75.0;108.0;88.0;39.0;0.66;43.0;42.9;2.5343;0.88829;4.32016;7.742749999999999;51.9;520.0;128.50206;473.0;38.0;5.4;5.0;37.9;37.9;35.8;114985.0;0.0481020133060834
3171;2017;Kiribati;Western Pacific;55.3635;113.0;125.0;125.0;90.0;90.0;109.0;81.0;38.0;0.8700000000000001;43.0;42.3;2.33659;0.81291;3.99768;7.1471800000000005;50.4;480.0;132.20139999999998;422.0;40.6;5.3;4.9;41.4;39.4;38.6;120362.0;0.045997490902444295
3172;2002;Kiribati;Western Pacific;60.5605;112.0;126.0;125.0;96.0;77.0;108.0;88.0;45.0;1.0158;39.0;43.3;2.71404;0.94619;4.63573;8.29596;51.9;250.0;105.32198;281.0;29.8;5.3;5.0;27.7;32.2;26.7;92400.0;0.06554166666666666
3173;2016;Kiribati;Western Pacific;55.0344;113.0;126.0;125.0;82.0;81.0;108.0;80.0;38.0;0.88;43.0;42.5;2.1928;0.76529;3.74852;6.70661;50.9;650.0;131.02053999999998;575.0;39.7;5.3;4.9;40.3;38.9;37.6;118513.0;0.046437437243171634
3174;2015;Kiribati;Western Pacific;55.329;112.0;126.0;125.0;80.0;78.0;108.0;84.0;38.0;0.69;43.0;42.8;2.01306;0.70429;3.43742;6.15477;51.5;620.0;129.78727;559.0;38.8;5.4;5.0;39.1;38.4;36.6;116707.0;0.04740846735842751
3175;2008;Kiribati;Western Pacific;58.555;112.0;126.0;125.0;74.0;82.0;108.0;72.0;42.0;0.92644;41.0;42.9;3.10946;1.08439;5.29296;9.486809999999998;53.2;420.0;119.7686;424.0;32.9;5.7;5.3;31.3;34.6;30.6;103966.0;0.05632129734720966
3176;2013;Kiribati;Western Pacific;56.5785;112.0;126.0;125.0;91.0;95.0;108.0;91.0;40.0;1.46;43.0;42.9;2.58822;0.90721;4.40891;7.90434;52.3;510.0;127.16753;472.0;37.1;5.5;5.1;36.7;37.4;34.9;113311.0;0.04993204543248228
3177;2018;Kiribati;Western Pacific;53.1304;113.0;125.0;125.0;93.0;95.0;109.0;84.0;37.0;0.8700000000000001;43.0;42.0;2.31861;0.80367;3.96904;7.0913200000000005;49.9;400.0;133.33037;349.0;41.5;5.3;4.9;42.6;39.9;39.6;122261.0;0.0434565396978595
3178;2000;Kiribati;Western Pacific;62.5876;112.0;125.0;124.0;90.0;90.0;108.0;80.0;47.0;1.11442;39.0;43.6;2.82188;0.98225;4.82544;8.629570000000001;52.2;320.0;100.18545;373.0;29.5;5.2;4.8;27.4;31.9;26.1;88826.0;0.07046090108751943
3179;2011;Kiribati;Western Pacific;57.4059;112.0;126.0;125.0;95.0;99.0;108.0;90.0;40.0;1.08;42.0;43.0;2.5343;0.88519;4.31531;7.7348;52.9;430.0;124.35188;409.0;35.4;5.6;5.2;34.5;36.3;33.2;109871.0;0.052248455006325606
3347;2001;Solomon Islands;Western Pacific;31.4844;109.0;122.0;121.0;88.0;84.0;111.0;83.0;9.5;1.4072399999999998;40.0;51.6;1.20573;0.41111;1.9689;3.58574;44.7;370.0;94.98476;86.0;23.2;3.7;3.5;25.7;20.7;19.9;440395.0;0.007149127487823432
3349;2003;Solomon Islands;Western Pacific;32.4977;109.0;122.0;121.0;84.0;84.0;110.0;82.0;9.0;2.39556;40.0;51.6;1.68118;0.57198;2.75522;5.00838;45.4;370.0;95.3766;82.0;23.4;3.9;3.7;26.0;20.8;19.8;461216.0;0.007046091202386734
3352;2002;Solomon Islands;Western Pacific;31.8265;109.0;122.0;121.0;78.0;78.0;111.0;78.0;8.1;2.1822800000000004;35.0;51.6;1.44106;0.49025;2.35809;4.2894;45.1;320.0;95.17872;73.0;23.3;3.8;3.6;25.8;20.7;19.8;450760.0;0.0070606309344218654
3358;2000;Solomon Islands;Western Pacific;32.0462;109.0;122.0;121.0;88.0;86.0;111.0;91.0;10.0;1.41466;42.0;51.5;1.20573;0.41111;1.9689;3.58574;44.4;380.0;94.79472;91.0;23.2;3.6;3.5;25.7;20.7;19.9;429978.0;0.007452985966723878
3363;2010;Tonga;Western Pacific;7.33;115.0;127.0;127.0;99.0;99.0;114.0;99.0;1.0;2.48;1.0;37.5;1.38986;0.4865;2.3295;4.20586;34.0;13.0;282.37845;12.0;37.0;6.0;5.6;37.6;36.1;35.0;107383.0;0.0068260339159829765
3370;2014;Tonga;Western Pacific;7.36;115.0;127.0;126.0;98.0;98.0;114.0;99.0;1.2;0.5700000000000001;1.0;36.9;0.33144;0.11709;0.55565;1.00418;33.9;15.0;282.89968;15.0;39.7;6.3;6.0;41.6;37.7;38.5;106626.0;0.006902631628308294
3374;2015;Tonga;Western Pacific;7.29;115.0;127.0;126.0;96.0;96.0;114.0;99.0;1.3;0.4599999999999999;1.0;36.9;0.38151;0.13482;0.63972;1.15605;33.9;16.0;282.52213;16.0;40.4;6.3;6.2;42.6;38.1;39.5;106122.0;0.006869452139989823
3400;2006;Vanuatu;Western Pacific;34.6388;114.0;128.0;126.0;67.0;68.0;114.0;52.0;10.0;1.99271;22.0;39.6;1.25886;0.43467;2.0672;3.76073;35.3;170.0;174.07855;80.0;36.0;2.6;2.5;37.6;34.5;32.6;222923.0;0.01553845946806745
3401;2004;Vanuatu;Western Pacific;34.2846;114.0;127.0;126.0;67.0;69.0;114.0;55.0;14.0;1.70184;29.0;41.3;1.12965;0.39046;1.84984;3.36995;35.2;170.0;175.40876;86.0;35.3;2.5;2.5;36.9;34.0;31.7;212422.0;0.016139853687471162
3402;2012;Vanuatu;Western Pacific;34.5556;116.0;128.0;127.0;77.0;82.0;115.0;79.0;7.7;3.69;19.0;33.3;2.28376;0.78661;3.78611;6.85648;33.2;160.0;170.03458;65.0;37.9;2.8;2.7;39.8;36.2;35.0;257313.0;0.013429403100504054
3403;2010;Vanuatu;Western Pacific;34.797;116.0;128.0;127.0;74.0;77.0;114.0;70.0;6.1;2.72;14.0;35.3;1.81159;0.62369;3.00391;5.43919;34.1;160.0;171.41355;69.0;37.4;2.7;2.6;39.1;35.7;34.4;245453.0;0.014176644815911804
3404;2019;Vanuatu;Western Pacific;33.0968;118.0;127.0;126.0;90.0;90.0;115.0;80.0;5.4;3.2;16.0;27.7;2.10431;0.73054;3.47704;6.31189;31.0;120.0;165.92598;41.0;39.5;3.6;3.4;41.8;37.4;36.3;304404.0;0.01087265607547864
3405;2005;Vanuatu;Western Pacific;33.6629;114.0;127.0;126.0;67.0;68.0;114.0;53.0;21.0;1.77045;44.0;40.5;1.18558;0.40983;1.9434;3.53881;35.3;170.0;174.74304999999998;83.0;35.6;2.6;2.5;37.2;34.2;32.1;217632.0;0.015467808042934862
3406;2009;Vanuatu;Western Pacific;35.1658;115.0;128.0;127.0;72.0;75.0;114.0;65.0;4.6;1.66071;11.0;36.4;1.49132;0.5136;2.46853;4.47345;34.5;170.0;172.09219000000002;72.0;37.0;2.7;2.6;38.7;35.4;34.0;239689.0;0.014671428392625443
3407;2001;Vanuatu;Western Pacific;35.3916;113.0;126.0;125.0;67.0;70.0;114.0;59.0;16.0;1.52066;30.0;43.1;1.10065;0.3806;1.79926;3.28051;34.6;230.0;175.2885;123.0;34.5;2.4;2.4;36.0;33.3;30.7;197034.0;0.017962179116294646
3408;2007;Vanuatu;Western Pacific;34.4055;115.0;128.0;127.0;69.0;70.0;114.0;56.0;11.0;2.01657;24.0;38.6;1.3538;0.46684;2.22843;4.04907;35.2;170.0;173.41519;77.0;36.3;2.6;2.5;37.9;34.8;33.0;228345.0;0.01506733232608553
3409;2003;Vanuatu;Western Pacific;34.9792;113.0;127.0;126.0;67.0;69.0;114.0;56.0;8.7;1.75947;17.0;42.0;1.15622;0.39935;1.89243;3.4480000000000004;35.1;140.0;175.3683;69.0;35.0;2.5;2.4;36.6;33.7;31.3;207258.0;0.01687712898898957
3410;2014;Vanuatu;Western Pacific;33.4794;117.0;128.0;127.0;80.0;86.0;115.0;90.0;9.9;2.78;26.0;31.5;1.91541;0.66179;3.17044;5.7476400000000005;32.3;160.0;168.65685000000002;63.0;38.4;2.9;2.8;40.4;36.6;35.4;269927.0;0.012403131216958657
3411;2017;Vanuatu;Western Pacific;33.5365;118.0;127.0;127.0;83.0;85.0;115.0;80.0;9.2;3.26;26.0;29.2;2.06609;0.71697;3.41508;6.19814;31.3;150.0;166.59265;51.0;39.0;3.3;3.1;41.2;37.1;35.9;290239.0;0.01155478760607637
3412;2002;Vanuatu;Western Pacific;35.4582;113.0;127.0;125.0;67.0;70.0;114.0;58.0;8.9;1.80722;17.0;42.5;1.10886;0.38303;1.81398;3.30587;34.8;130.0;175.32812;69.0;34.8;2.5;2.4;36.3;33.5;31.0;202125.0;0.017542708719851578
3413;2016;Vanuatu;Western Pacific;33.3425;117.0;128.0;127.0;81.0;81.0;115.0;84.0;9.9;3.02;28.0;29.9;1.97569;0.68505;3.26688;5.92762;31.5;160.0;167.28039;56.0;38.8;3.1;3.0;40.9;36.9;35.8;283218.0;0.011772733371466504
3414;2015;Vanuatu;Western Pacific;33.4982;117.0;128.0;127.0;80.0;80.0;115.0;76.0;6.9;2.83;19.0;30.7;1.87207;0.64818;3.09683;5.61708;31.9;170.0;167.9684;63.0;38.6;3.0;2.9;40.6;36.7;35.6;276438.0;0.01211779856604374
3415;2008;Vanuatu;Western Pacific;34.152;115.0;128.0;127.0;70.0;73.0;114.0;61.0;14.0;2.3432900000000005;31.0;37.5;1.34889;0.46467;2.22642;4.03998;34.9;170.0;172.75305;74.0;36.7;2.6;2.5;38.3;35.1;33.5;233952.0;0.014597866228970045
3416;2013;Vanuatu;Western Pacific;34.3301;117.0;128.0;127.0;78.0;84.0;115.0;84.0;7.7;3.2300000000000004;20.0;32.4;2.09742;0.72328;3.47443;6.29513;32.7;160.0;169.34557999999998;62.0;38.2;2.8;2.7;40.1;36.4;35.2;263534.0;0.013026820068757732
3417;2018;Vanuatu;Western Pacific;33.4591;118.0;127.0;126.0;85.0;85.0;115.0;75.0;7.5;3.26;22.0;28.4;2.10431;0.73054;3.47704;6.31189;31.1;130.0;165.9068;46.0;39.3;3.4;3.3;41.5;37.2;36.1;297298.0;0.011254397944150313
3418;2000;Vanuatu;Western Pacific;35.9883;113.0;126.0;125.0;67.0;71.0;114.0;61.0;14.0;1.6365;26.0;43.6;1.10065;0.3806;1.79926;3.28051;34.6;200.0;175.24916000000002;110.0;34.3;2.4;2.4;35.8;33.2;30.5;192074.0;0.018736684819392526
3419;2011;Vanuatu;Western Pacific;34.3412;116.0;128.0;127.0;75.0;79.0;114.0;75.0;11.0;3.64;26.0;34.3;2.17542;0.749;3.60824;6.532659999999999;33.6;160.0;170.72385000000003;67.0;37.7;2.7;2.6;39.4;36.0;34.7;251294.0;0.013665746098195741
3420;2006;Samoa;Western Pacific;22.4782;114.0;129.0;128.0;49.0;50.0;114.0;54.0;1.3;7.046569999999999;2.0;41.0;4.20843;1.39552;6.84862;12.45257;36.0;29.0;284.37022;16.0;33.0;6.8;6.7;31.1;34.7;30.7;189379.0;0.011869425860311861
3421;2004;Samoa;Western Pacific;22.3348;114.0;129.0;128.0;35.0;63.0;114.0;25.0;1.8;7.23997;3.0;40.9;4.54354;1.50621;7.38114;13.43089;34.8;39.0;283.57866;22.0;32.2;6.2;6.2;30.2;33.9;29.7;188073.0;0.011875601495164112
3422;2012;Samoa;Western Pacific;21.2224;114.0;129.0;128.0;82.0;82.0;114.0;76.0;1.1;4.199999999999999;2.0;40.5;2.33673;0.77695;3.80497;6.91865;36.8;25.0;286.75981;13.0;35.8;8.1;8.1;34.5;36.9;34.1;198124.0;0.0107116755163433
3423;2010;Samoa;Western Pacific;21.4413;114.0;129.0;128.0;74.0;78.0;114.0;56.0;0.71;5.92;1.0;40.7;2.92643;0.97126;4.77017;8.667860000000001;36.8;16.0;285.9608;8.7;35.0;7.7;7.7;33.4;36.3;33.2;194672.0;0.011014064683159365
3424;2019;Samoa;Western Pacific;20.8964;114.0;128.0;127.0;55.0;58.0;114.0;87.0;0.86;4.359999999999999;2.0;39.4;2.81648;0.93255;4.57893;8.327960000000001;35.5;21.0;289.17529;11.0;38.3;9.9;10.0;37.9;38.6;37.9;211905.0;0.009861211391897313
3425;2005;Samoa;Western Pacific;22.5316;114.0;129.0;128.0;66.0;59.0;114.0;57.0;1.3;7.25956;2.0;41.0;4.21054;1.39607;6.8464;12.45301;35.4;28.0;283.97411;15.0;32.6;6.5;6.5;30.6;34.3;30.2;188626.0;0.011945118912557125
3426;2009;Samoa;Western Pacific;18.6645;114.0;129.0;128.0;61.0;64.0;114.0;45.0;0.82;5.75598;2.0;40.7;3.61489;1.19985;5.89175;10.70649;36.8;18.0;285.56225;10.0;34.5;7.5;7.5;32.8;35.9;32.5;193176.0;0.009661914523543298
3427;2001;Samoa;Western Pacific;23.8709;114.0;129.0;128.0;88.0;90.0;115.0;92.0;1.2;6.83811;2.0;40.8;4.04368;1.34275;6.54654;11.93297;33.7;25.0;283.57967;14.0;31.3;5.6;5.6;29.1;33.2;28.6;185530.0;0.0128663288955964
3428;2007;Samoa;Western Pacific;22.1193;114.0;129.0;128.0;63.0;65.0;114.0;63.0;1.1;7.70064;2.0;40.9;4.26755;1.41582;6.94946;12.63283;36.4;24.0;284.76695;13.0;33.5;7.0;7.0;31.7;35.1;31.3;190478.0;0.01161252218103928
3429;2003;Samoa;Western Pacific;23.0214;114.0;129.0;128.0;90.0;90.0;115.0;62.0;1.4;8.31738;3.0;40.9;4.46692;1.4806;7.24956;13.19708;34.3;31.0;283.57906;17.0;31.8;6.0;6.0;29.8;33.6;29.3;187440.0;0.012282010243277849
3430;2014;Samoa;Western Pacific;21.4319;114.0;129.0;128.0;78.0;81.0;114.0;82.0;1.1;4.1;2.0;40.6;2.46225;0.81673;4.005;7.28398;36.6;26.0;287.56156;14.0;36.6;8.6;8.6;35.5;37.5;34.9;201757.0;0.010622630193747923
3431;2017;Samoa;Western Pacific;21.2268;114.0;129.0;128.0;71.0;74.0;114.0;58.0;1.5;4.11;3.0;39.9;2.81656;0.93278;4.57871;8.32805;35.8;34.0;288.76877;18.0;37.6;9.3;9.4;36.9;38.1;36.6;207630.0;0.010223378124548476
3432;2002;Samoa;Western Pacific;23.3685;114.0;129.0;128.0;91.0;92.0;115.0;99.0;1.7;6.58242;3.0;40.8;4.44844;1.47539;7.21101;13.13484;33.9;36.0;283.57947;20.0;31.5;5.8;5.8;29.4;33.4;28.9;186630.0;0.012521298826555217
3433;2016;Samoa;Western Pacific;21.5802;114.0;129.0;128.0;77.0;80.0;114.0;68.0;0.63;4.58;1.0;40.1;2.74873;0.91046;4.46869;8.12788;36.1;15.0;288.36578;7.7;37.3;9.0;9.1;36.4;37.9;36.0;205544.0;0.01049906589343401
3434;2015;Samoa;Western Pacific;21.473;114.0;129.0;128.0;81.0;84.0;114.0;69.0;0.93;4.2;2.0;40.3;2.69773;0.89407;4.38646;7.97826;36.2;22.0;287.96336;11.0;36.9;8.8;8.8;36.0;37.7;35.4;203571.0;0.010548162557535209
3435;2008;Samoa;Western Pacific;21.7418;114.0;129.0;128.0;69.0;39.0;114.0;44.0;0.62;7.941599999999999;1.0;40.8;3.97232;1.31779;6.47259;11.7627;36.6;14.0;285.1643;7.5;34.0;7.2;7.2;32.2;35.5;31.9;191787.0;0.011336430519273988
3436;2013;Samoa;Western Pacific;20.1962;114.0;129.0;128.0;82.0;85.0;114.0;90.0;1.1;3.68;2.0;40.7;2.38711;0.79322;3.88443;7.06476;36.7;25.0;287.16037;13.0;36.2;8.3;8.4;35.0;37.2;34.5;199939.0;0.010101180860162349
3437;2018;Samoa;Western Pacific;21.193;114.0;129.0;128.0;31.0;34.0;114.0;31.0;0.53;4.359999999999999;1.0;39.7;2.81648;0.93255;4.57893;8.327960000000001;35.6;13.0;289.17203;6.4;38.0;9.6;9.7;37.4;38.4;37.3;209701.0;0.010106294199836911
3438;2000;Samoa;Western Pacific;24.1201;114.0;129.0;128.0;98.0;98.0;115.0;93.0;2.3;5.992030000000001;4.0;40.9;4.04368;1.34275;6.54654;11.93297;33.6;49.0;283.57953;28.0;31.1;5.5;5.4;28.8;33.0;28.4;184008.0;0.013108180079126995
3439;2011;Samoa;Western Pacific;21.277;114.0;129.0;128.0;79.0;82.0;114.0;59.0;1.0;4.19;2.0;40.6;2.68848;0.8936;4.38011;7.96219;36.9;23.0;286.35995;12.0;35.4;7.9;7.9;34.0;36.6;33.6;196351.0;0.010836206589220325
